TEXT,LABELS
"['From', 'EWB', 'Princeton', ':', 'The', 'reservoir', 'has', 'a', 'valve', 'box', 'that', 'controls', 'the', 'flow', 'of', 'water', 'to', 'the', 'different', 'water', 'lines', '.']","[0, 0, 0, 0, 0, 1, 0, 0, 1, 0, 0, 1, 0, 1, 0, 0, 0, 0, 0, 0, 0, 0]"
"['The', 'valve', 'box', 'has', 'X', 'valves', ':', '-', 'list', 'out', 'valves', 'and', 'labels', ';', 'good', 'to', 'have', 'extra', 'valves', 'installed', 'for', 'future', 'distribution', 'lines', '.']","[0, 1, 0, 0, 0, 1, 0, 0, 0, 0, 1, 0, 0, 0, 0, 0, 0, 0, 1, 1, 0, 1, 1, 0, 0]"
"['If', 'valve', 'box', 'is', 'locked', ',', 'people', 'can', '’', 't', 'tamper', 'with', 'it', '.']","[0, 1, 0, 0, 0, 0, 0, 0, 0, 0, 1, 0, 0, 0]"
"['Maintenance', 'Checklist', 'Every', 'Month', ':', 'Potential', 'Sources', 'of', 'Contamination', '-', 'Check', 'area', 'around', 'storage', 'tank', 'and', 'cistern', 'to', 'make', 'sure', 'no', 'contamination', 'has', 'been', 'introduced', 'in', 'the', 'surrounding', 'area', '.']","[1, 1, 0, 0, 0, 1, 1, 0, 1, 0, 1, 0, 0, 1, 1, 0, 1, 0, 0, 0, 0, 1, 0, 0, 1, 0, 0, 1, 0, 0]"
"['Types', 'of', 'contamination', 'include', 'hazardous', 'waste', ',', 'gasoline', ',', 'oil', ',', 'etc', '.']","[1, 0, 1, 0, 1, 1, 0, 1, 0, 1, 0, 0, 0]"
"['If', 'we', 'think', 'people', 'will', 'use', 'this', 'for', 'drinking', ',', 'the', 'area', 'should', 'also', 'be', 'clear', 'of', 'fertilizer', ',', 'pesticides', 'or', 'other', 'toxins', '.']","[0, 0, 1, 0, 0, 0, 0, 0, 1, 0, 0, 0, 0, 0, 0, 1, 0, 1, 0, 1, 0, 0, 1, 0]"
"['-', 'No', 'waste', 'disposal', 'or', 'garbage', 'disposal', 'site', 'should', 'be', 'near', 'the', 'storage', 'tank', '.']","[0, 0, 1, 1, 0, 1, 1, 0, 0, 0, 1, 0, 1, 0, 0]"
"['-', 'Ensure', 'that', 'there', 'are', 'no', 'pools', 'of', 'standing', 'water', 'near', 'the', 'storage', 'tanks', '(', 'indicator', 'of', 'leaks', ',', 'source', 'of','mold/fungus', ',', 'breeding', 'ground', 'for', 'mosquitoes', ',', 'etc', '.', ')']","[0, 1, 0, 0, 0, 0, 0, 0, 0, 0, 0, 0, 1, 0, 0, 1, 0, 1, 0, 0, 0, 0, 1, 0, 0, 1, 0, 0, 0, 0]"
"['-', 'Keep', 'animals', 'out', 'of', 'the', 'drainage', 'area', '.']","[0, 0, 1, 0, 0, 0, 1, 0, 0]"
"['don', '’', 't', 'let', 'them', 'crawl', 'into', 'the', 'tank', '-', 'mesh', 'on', 'drainage', 'pipe', 'should', 'do', 'it', 'Filtering', 'Screens', '-', 'Ensure', 'all', 'filter', 'screens', 'are', 'in', 'place', 'and', 'securely', 'attached', '.']","[0, 0, 0, 0, 0, 1, 0, 0, 0, 0, 0, 0, 1, 1, 0, 0, 0, 1, 1, 0, 1, 0, 1, 1, 0, 0, 0, 0, 1, 1, 0]"
"['-', 'Make', 'sure', 'screens', 'covering', 'pipe', 'ends', 'are', 'in', 'good', 'shape', 'and', 'have', 'no', 'holes', 'or', 'frays', '.']","[0, 0, 0, 1, 1, 1, 0, 0, 0, 0, 0, 0, 0, 0, 1, 0, 1, 0]"
"['-', 'Replace', 'any', 'broken', 'screens', 'as', 'needed', '.']","[0, 1, 0, 1, 1, 0, 1, 0]"
"['-', 'Clean', 'off', 'screens', 'of', 'any', 'trapped', 'debris', '.']","[0, 0, 0, 1, 0, 0, 1, 1, 0]"
"['Pipes', '-', 'Check', 'all', 'pipe', 'connections', 'and', 'make', 'sure', 'that', 'there', 'are', 'no', 'leaks', 'in', 'the', 'system', '.']","[1, 0, 0, 0, 1, 1, 0, 0, 0, 0, 0, 0, 0, 1, 0, 0, 1, 0]"
"['-', 'If', 'there', 'are', 'leaks', ',', 'tighten', 'connections', ',', 'seal', 'leaks', 'or', 'replace', 'pipes', ',', 'as', 'necessary', '.']","[0, 0, 0, 0, 1, 0, 1, 1, 0, 1, 1, 0, 1, 1, 0, 0, 0, 0]"
"['-', 'Check', 'all', 'valves', 'to', 'make', 'sure', 'all', 'are', 'properly', 'functioning', 'by', 'turning', 'on', 'and', 'off', 'at', 'least', 'once', '.']","[0, 0, 0, 1, 0, 0, 0, 0, 0, 1, 1, 0, 0, 0, 0, 0, 0, 0, 0, 0]"
"['large', 'wet', 'soil', 'spots', 'or', 'puddles', ')', '.']","[0, 0, 1, 1, 0, 1, 0, 0]"
"['Check', 'the', 'pressure', 'gauge', 'to', 'see', 'if', 'water', 'pressure', 'has', 'dropped', '.']","[0, 0, 1, 1, 0, 0, 0, 1, 1, 0, 0, 0]"
"['Check', 'levels', 'in', 'the', 'water', 'tank', 'for', 'signs', 'of', 'low', 'water', 'intake', '.']","[0, 1, 0, 0, 0, 1, 0, 0, 0, 0, 0, 0, 0]"
"['Take', 'care', 'of', 'any', 'necessary', 'ruptures', 'or', 'leaks', 'immediately', '.']","[0, 0, 0, 0, 1, 1, 0, 1, 1, 0]"
"['Seasonally', ':', '(', 'see', 'pump', 'maintenance', 'checklist', 'for', 'system', 'operation', 'when', 'it', 'comes', 'to', 'turning', 'on', 'and', 'shutting', 'the', 'system', 'down', ')', '', '', 'If', 'there', 'is', 'a', 'broken', 'or', 'leaking', 'pipe', 'follow', 'guideline', 'below', ':', 'Turn', 'pump', 'off', 'immediately', 'and', 'wait', 'for', 'the', 'water', 'in', 'the', 'pipeline', 'to', 'fully', 'drain', '.']","[0, 0, 0, 0, 1, 1, 0, 0, 1, 1, 0, 0, 0, 0, 0, 0, 0, 0, 0, 0, 0, 0, 0, 0, 0, 0, 0, 0, 0, 0, 1, 0, 0, 0, 0, 0, 0, 1, 0, 0, 0, 0, 0, 0, 0, 0, 0, 1, 0, 0, 1, 0]"
"['Do', 'they', 'function', 'properly', '?']","[0, 0, 1, 1, 0]"
"['Always', 'open', 'and', 'close', 'them', 'slowly', '.']","[0, 1, 0, 1, 0, 1, 0]"
"['Monthly', ':', 'Check', 'for', 'overgrowth', 'of', 'plants', 'where', 'there', 'are', 'valves', '.']","[0, 0, 0, 0, 1, 0, 0, 0, 0, 0, 1, 0]"
"['Remove', 'plants', 'and', 'other', 'natural', 'obstacles', 'to', 'make', 'sure', 'there', 'is', 'clear', 'access', 'to', 'valves', '.']","[1, 0, 0, 0, 1, 1, 0, 0, 0, 0, 0, 1, 1, 0, 1, 0]"
"['If', 'using', 'ball', 'valves', ',', 'open', 'and', 'close', 'slowly', 'to', 'avoid', 'water', 'hammers', '-', 'Protection', 'from', 'animal', 'and', 'people', 'traffic', ':', 'Make', 'sure', 'the', 'pipe', 'is', 'at', 'least', '1.5', 'feet', '(', '.45', 'meters', ')', 'under', 'the', 'ground', 'to', 'avoid', 'damage', 'from', 'animal', 'and', 'people', 'traffic', '.']","[0, 1, 1, 0, 0, 0, 0, 0, 0, 0, 0, 0, 1, 0, 1, 0, 1, 0, 1, 0, 0, 0, 0, 0, 0, 0, 0, 0, 1, 1, 0, 1, 1, 0, 0, 0, 0, 0, 1, 0, 0, 1, 0, 1, 1, 0]"
"['-', 'Keep', 'an', 'inventory', 'of', 'fittings', ':', 'If', 'running', 'low', 'on', 'inventory', 'go', 'to', 'Ilagala', '?', '?']","[0, 0, 0, 1, 0, 1, 0, 0, 0, 0, 0, 1, 0, 0, 1, 0, 0]"
"['to', 'purchase', 'new', 'parts', '(', 'e.g', '.']","[0, 1, 0, 0, 0, 0, 0]"
"['fittings', ')', '.']","[0, 0, 0]"
"['Covers', '-', 'Make', 'sure', 'the', 'cover', 'fits', 'tightly', 'over', 'the', 'storage', 'tank', 'and', 'is', 'locked', 'at', 'all', 'times', '.']","[1, 0, 0, 0, 0, 1, 0, 1, 0, 0, 1, 1, 0, 0, 1, 0, 0, 0, 0]"
"['-', 'Make', 'sure', 'there', 'are', 'no', 'gaps', 'or', 'openings', 'for', 'light', 'or', 'dust', 'to', 'enter', 'the', 'storage', 'tank', '.']","[0, 0, 0, 0, 0, 0, 1, 0, 1, 0, 1, 0, 1, 0, 0, 0, 1, 1, 0]"
"['Structure', '-', 'Check', 'for', 'any', 'leaks', 'in', 'the', 'tank', 'or', 'fittings', '.']","[1, 0, 0, 0, 0, 1, 0, 0, 1, 0, 1, 0]"
"['-', 'Inspect', 'all', 'concrete', 'for', 'large', 'cracks', '.']","[0, 1, 0, 1, 0, 0, 1, 0]"
"['', '', 'Weekly', ':', 'Check', 'the', 'operation', 'of', 'valves', '.']","[0, 0, 0, 0, 1, 0, 0, 0, 1, 0]"
"['Carefully', 'dig', 'trench', 'to', 'expose', 'the', 'area', 'of', 'the', 'broken', 'or', 'leaking', 'pipe', '.']","[0, 1, 1, 0, 1, 0, 0, 0, 0, 0, 0, 0, 1, 0]"
"['Cut', 'away', 'the', 'pipe', 'section', 'that', 'is', 'damaged', '.']","[1, 0, 0, 0, 0, 0, 0, 1, 0]"
"['Insert', 'a', 'compression', 'coupling', 'into', 'the', 'removed', 'section', 'of', 'pipe', '.']","[1, 0, 1, 1, 1, 0, 1, 1, 0, 0, 0]"
"['Re-cover', 'the', 'pipeline', 'with', 'soil', 'and', 'compress', 'soil', 'using', 'hands', '.']","[1, 0, 1, 0, 1, 0, 1, 1, 0, 0, 0]"
"['Slowly', 'turn', 'pump', 'back', 'on', 'and', 'monitor', 'pipeline', 'to', 'check', 'if', 'the', 'pipe', 'is', 'no', 'longer', 'leaking', '.']","[0, 1, 0, 0, 1, 0, 1, 1, 0, 0, 0, 0, 0, 0, 0, 0, 0, 0]"
"['Community', 'Construction', 'Manual', 'Step', '1', ':', 'Dig', 'the', 'trench', ':', '400', 'meters', 'x', '16', 'inches', 'wide', 'x', '18', 'inches', 'deep', 'Tools', ':', 'shovel', 'Step', '2', ':', 'Assemble', 'Pipes', ':', 'Tools', '&', 'materials', ':', 'Primer', ',', 'cement', 'solvent', ',', 'paintbrush', ',', 'Sand', 'the', 'end', 'of', 'the', 'pipe', ':', 'Apply', 'primer', ':', 'Apply', 'cement', 'solvent', ':', '2x', 'Fit', 'pipe', 'into', 'socket', 'Wait', 'for', 'cement', 'to', 'cure/dry', '.']","[0, 0, 0, 0, 0, 0, 1, 0, 0, 0, 0, 0, 0, 0, 0, 0, 0, 0, 0, 1, 0, 0, 1, 0, 0, 0, 1, 1, 0, 1, 0, 1, 0, 0, 0, 1, 1, 0, 1, 0, 1, 0, 1, 1, 1, 1, 0, 0, 0, 0, 0, 1, 0, 0, 0, 0, 1, 0, 1, 0, 0, 1, 0, 0, 0]"
"['Backfill', 'and', 'hand','tamp', '.']","[1, 0, 1, 0]"
"['Tools', ':','shovel', ',', 'hand', 'tamper', '.']","[0, 0, 0, 1, 1, 0]"
"['To', 'facilitate', 'the', 'retention', 'and', 'compaction', 'and', 'provide', 'additional', 'strength', ',', 'concrete', 'hollow', 'blocks', 'with', 'vertical', 'bars', 'along', 'the', 'circumference', 'at', 'about', '20-30', 'cm', 'centre', 'to', 'centre', 'can', 'be', 'used', '.']","[0, 0, 0, 0, 0, 0, 0, 0, 1, 1, 0, 1, 1, 1, 0, 1, 1, 0, 0, 1, 0, 0, 1, 1, 1, 1, 1, 0, 0, 0, 0]"
"['Typically', 'the', 'fabrication', 'of', 'a', 'truss', 'involves', 'cutting', ',', 'bending', 'and', 'welding', 'the', 'top', 'and', 'bottom', 'chords', 'vertically', 'and', 'diagonally', '.']","[0, 0, 1, 0, 0, 1, 0, 1, 0, 1, 0, 1, 0, 0, 0, 0, 1, 1, 0, 1, 0]"
"['Step', '16', ':', 'Fixing', 'Roof', 'Trusses', '(', 'Roof', 'Stiffeners', ')', ':', 'The', 'roof-stiffening', 'trusses', 'are', 'welded', 'with', 'the', 'top', 'of', 'C-channels', 'in', 'the', 'wall', 'at', 'the', 'lower', 'end', 'and', 'with', 'the', 'column', 'top', 'base', 'plate', 'at', 'the', 'other', 'end', '.']","[0, 0, 0, 0, 1, 1, 0, 0, 0, 0, 0, 0, 1, 1, 0, 0, 0, 0, 0, 0, 1, 0, 0, 0, 0, 0, 0, 0, 0, 0, 0, 1, 1, 1, 1, 0, 0, 0, 0, 0]"
"['Special', 'care', 'should', 'be', 'taken', 'while', 'plastering', 'around', 'the', 'edges', ',', 'rings', 'and', 'openings', 'so', 'as', 'to', 'avoid', 'leaks', 'in', 'the', 'future', '.']","[0, 1, 0, 0, 0, 0, 1, 0, 0, 1, 0, 1, 0, 1, 0, 0, 0, 0, 1, 0, 0, 0, 0]"
"['Time', 'Estimates', ':', 'Assumptions', ':', 'we', 'have', '4', 'team', 'members', 'and', 'a', 'work', 'day', 'is', 'approximately', '6', 'hours', '.']","[0, 0, 0, 0, 0, 0, 0, 1, 1, 1, 0, 0, 1, 1, 0, 0, 1, 1, 0]"
"['Therefore', ',', 'there', 'are', 'vertical', 'bars', 'of', 'two', 'different', 'lengths', '(', 'but', 'same', 'diameter', ')', '–', 'the', 'first', 'type', 'extending', 'only', 'up', 'to', '1', 'meter', 'from', 'the', 'base', 'and', 'the', 'other', 'type', 'extending', 'up', 'to', 'the', 'top', 'of', 'the', 'wall', 'with', 'some', 'additional', 'length', 'to', 'bend', 'into', 'the', 'roof', '(', '2.2', '+', '0.3', '=', '2.5m', ')', '.']","[0, 0, 0, 0, 1, 1, 0, 1, 1, 1, 0, 0, 1, 1, 0, 0, 0, 1, 1, 1, 0, 0, 0, 1, 1, 1, 0, 1, 0, 0, 1, 1, 1, 0, 1, 0, 1, 0, 0, 1, 0, 0, 0, 0, 0, 0, 0, 0, 0, 0, 0, 0, 0, 0, 0, 0, 0]"
"['Step', '3', ':', 'Testing', '&', 'Backfilling', ':', 'Place', 'the', 'pipe', 'into', 'the', 'ground', '.']","[0, 0, 0, 1, 0, 1, 0, 1, 0, 1, 1, 0, 1, 0]"
"['Test', 'for', 'leaks', '.']","[1, 0, 1, 0]"
"['Step', '8', ':', 'Placing', 'Vertical', 'Dowel/Fixing', 'Plate/Bars', 'for', 'Central', 'Column', ':', 'Similar', 'to', 'the', 'L-shaped', 'bars', 'placed', 'along', 'the', 'perimeter', ',', '4-8', 'bars', 'can', 'be', 'placed', 'at', 'the', 'location', 'where', 'the', 'central', 'column', 'is', 'to', 'be', 'erected', '.']","[0, 0, 0, 0, 1, 1, 1, 0, 1, 1, 0, 0, 0, 0, 1, 0, 0, 0, 0, 1, 0, 0, 0, 0, 0, 0, 0, 0, 1, 0, 0, 1, 1, 0, 0, 0, 1, 0]"
"['Typically', 'the', 'fabrication', 'of', 'a', 'truss', 'involves', 'cutting', ',', 'bending', 'and', 'welding', 'the', 'top', 'and', 'bottom', 'chords', 'vertically', 'and', 'diagonally', '.']","[0, 0, 1, 0, 0, 1, 0, 1, 0, 1, 0, 1, 0, 1, 0, 1, 1, 1, 0, 1, 0]"
"['Two', 'team', 'members', 'should', 'do', 'this', ',', 'one', 'applying', 'on', 'the', 'socket', 'fitting', 'and', 'the', 'other', 'on', 'the', 'pipe', '.']","[1, 1, 1, 0, 0, 0, 0, 0, 0, 0, 0, 1, 1, 0, 0, 0, 0, 0, 1, 0]"
"['Might', 'be', 'helpful', 'to', 'spray', 'paint', 'at', 'joints', 'before', 'placing', 'underground', 'so', 'that', 'one', 'can', 'see', 'where', 'a', 'joint', 'has', 'slipped', '.']","[0, 0, 0, 0, 1, 1, 0, 1, 0, 0, 1, 0, 0, 0, 0, 0, 0, 0, 1, 0, 1, 0]"
"['Insert', 'a', 'compression', 'coupling', 'into', 'the', 'removed', 'section', '.']","[1, 0, 1, 1, 0, 0, 1, 1, 0]"
"['Certain', 'tasks', ',', 'such', 'as', 'assembling', 'the', 'pipe', ',', 'will', 'require', 'diligent', 'collaboration', 'as', 'described', 'above', '.']","[0, 0, 0, 0, 0, 1, 1, 1, 0, 0, 0, 0, 1, 0, 0, 0, 0]"
"['-', 'certain', 'community', 'members', 'should', 'be', 'tasked', 'with', 'reservoir', 'upkeep', 'by', 'the', 'water', 'committee', 'Training', 'volunteers', 'throughout', 'implementation', '-', 'do', 'a', 'cleanout', 'of', 'the', 'tank', 'towards', 'the', 'end', 'of', 'the', 'trip', 'to', 'demonstrate', 'Teaching', 'schedule', 'for', 'travel', 'team', '(', 'what', 'skills', 'do', 'they', 'need', 'to', 'have', 'prior', 'to', 'travel', ')', 'Skills', ':', 'know', 'which', 'way', 'a', 'ball', 'valve', 'opens', 'and', 'closes', 'Teaching', 'schedule', 'for', 'community', 'members', 'Stop', 'pump', ',', 'drain', 'tank', ',', 'and', 'have', 'community', 'members', 'clean', 'out', 'tank', 'once', 'before', 'you', 'leave', '.']","[0, 0, 1, 1, 0, 0, 0, 0, 1, 1, 0, 0, 0, 1, 0, 1, 0, 1, 0, 0, 0, 1, 0, 0, 1, 0, 0, 0, 0, 0, 0, 0, 0, 0, 1, 0, 1, 0, 0, 0, 1, 0, 0, 0, 0, 0, 1, 0, 1, 0, 1, 0, 0, 0, 0, 0, 0, 1, 1, 0, 1, 0, 1, 0, 1, 1, 0, 1, 0, 1, 1, 0, 0, 0, 1, 1, 0, 0, 1, 0, 0, 0, 0, 0]"
"['Plastering', 'of', 'Wall', 'Roof', 'Step', '15', ':', 'Preparation', 'of', 'Roof', 'Shallow', 'Truss', ':', 'Eight', 'roof', 'trusses', 'of', 'about', '10', 'cm', 'depth', 'made', 'up', 'of', '9mm', '(', 'top', 'and', 'bottom', ')', 'and', '6', 'mm', '(', 'vertical', 'and', 'diagonal', ')', 'welded', 'bars', 'are', 'used', 'to', 'stiffen', 'the', 'roof', '.']","[1, 0, 1, 1, 0, 0, 0, 0, 0, 0, 0, 1, 0, 0, 0, 1, 0, 0, 0, 0, 0, 0, 0, 0, 0, 0, 0, 0, 0, 0, 0, 0, 0, 0, 1, 0, 1, 0, 1, 0, 0, 0, 0, 1, 0, 1, 0]"
"['There', 'are', 'two', 'methods', 'for', 'preparation', ':', 'either', 'the', 'column', 'can', 'be', 'prepared', 'completely', 'outside', 'and', 'fixed', 'at', 'its', 'final', 'position', 'or', 'alternatively', ',', 'all', 'the', 'work', ',', 'including', 'placement', 'of', 'rebar', 'and', 'fixing', 'of', 'the', 'top', 'plate', ',', 'can', 'be', 'performed', 'when', 'it', 'is', 'erected', '.']","[0, 0, 0, 1, 0, 1, 0, 0, 0, 1, 0, 0, 1, 1, 1, 0, 0, 0, 0, 0, 1, 0, 0, 0, 0, 0, 0, 0, 0, 1, 0, 1, 0, 1, 0, 0, 0, 1, 0, 0, 0, 1, 0, 0, 0, 1, 0]"
"['-', 'Add', 'concrete', 'to', 'repair', 'chips', ',', 'broken', 'edges', ',', 'and', 'cracks', '.']","[0, 0, 1, 0, 0, 0, 0, 0, 0, 0, 0, 0, 0]"
"['-', 'Check', 'edges', 'of', 'structure', 'for', 'signs', 'of', 'soil', 'erosion', 'or', 'washout', '.']","[0, 0, 0, 0, 1, 0, 0, 0, 0, 1, 0, 1, 0]"
"['Cleaning', '-', 'Open', 'the', 'drainage', 'valve', 'and', 'let', 'the', 'remaining', 'water', 'drain', 'out', 'to', 'allow', 'for', 'cleaning', 'and', 'inspection', 'of', 'the', 'tank', '.']","[1, 0, 0, 0, 1, 0, 0, 0, 0, 0, 0, 0, 0, 0, 0, 0, 0, 0, 0, 0, 0, 0, 0]"
"['-', 'If', 'materials', 'are', 'available', ',', 'scrub', 'down', 'the', 'inside', 'of', 'the', 'reservoir', 'tank', 'with', 'a', 'diluted', 'chlorine', 'solution', 'for', 'sanitation', '.']","[0, 0, 0, 0, 1, 0, 0, 0, 0, 0, 0, 0, 1, 0, 0, 0, 1, 1, 1, 0, 1, 0]"
"['Let', 'it', 'stand', 'and', 'air', 'out', 'before', 'closing', 'the', 'drainage', 'valve', '.']","[0, 0, 0, 0, 0, 0, 0, 0, 0, 1, 0, 0]"
"['Tank', 'Construction', 'Manual', '.']","[0, 1, 0, 0]"
"['IV', 'Construction', 'Steps', 'The', 'following', 'paragraphs', 'outline', 'the', 'easy-to-follow', 'details', 'on', 'the', 'how', 'to', 'proceed', 'with', 'the', 'construction', 'of', 'the', 'cast-in-place', 'ferro-cement', 'tank', '.']","[0, 1, 0, 0, 0, 0, 0, 0, 1, 0, 0, 0, 0, 0, 0, 0, 0, 0, 0, 0, 1, 1, 0, 0]"
"['They', 'are', 'separated', 'into', 'three', 'sections', ':', 'foundation', ',', 'wall', 'and', 'roof', '.']","[0, 0, 0, 0, 0, 0, 0, 1, 0, 0, 0, 0, 0]"
"['These', 'should', 'be', 'read', 'in', 'conjunction', 'with', 'the', 'Sections', 'on', 'Material', 'Specifications', 'and', 'Drawings', ',', 'as', 'that', 'is', 'where', 'dimensions', 'and', 'quantities', 'are', 'provided', '.']","[0, 0, 0, 0, 0, 0, 0, 0, 0, 0, 0, 1, 0, 0, 0, 0, 0, 0, 0, 1, 0, 1, 0, 0, 0]"
"['Foundation', 'Step', '1', ':', 'Selection', 'of', 'Site', ':', 'The', 'site', 'should', 'be', 'located', 'in', 'an', 'area', 'higher', 'than', 'its', 'surroundings', '.']","[1, 0, 0, 0, 1, 0, 0, 0, 0, 0, 0, 0, 0, 0, 0, 0, 0, 0, 0, 1, 0]"
"['The', 'other', 'considerations', 'include', 'the', 'sources', 'of', 'water', 'supply', ',', 'areas', 'in', 'which', 'the', 'water', 'is', 'to', 'be', 'distributed', ',', 'possibility', 'of', 'flooding', ',', 'and', 'practical', 'aspects', 'of', 'construction', '.']","[0, 0, 0, 0, 0, 1, 1, 1, 1, 0, 1, 0, 0, 0, 1, 0, 0, 0, 1, 0, 0, 0, 1, 0, 0, 0, 0, 0, 1, 0]"
"['The', 'final', 'decision', 'should', 'be', 'taken', 'by', 'a', 'qualified', 'engineer', '.']","[0, 0, 0, 0, 0, 0, 0, 0, 1, 1, 0]"
"['Step', '2', ':', 'Site', 'Clearance', ':', 'The', 'site', 'must', 'be', 'cleared', 'with', 'loose', 'surfaces', 'compacted', 'and', 'levelled', 'properly', '.']","[0, 0, 0, 1, 1, 0, 0, 0, 0, 0, 0, 0, 0, 1, 1, 1, 0, 1, 0]"
"['The', 'area', 'should', 'be', 'protected', 'or', 'fenced', ',', 'if', 'necessary', '.']","[0, 1, 0, 0, 0, 0, 1, 0, 0, 0, 0]"
"['Step', '3', ':', 'Preparation', 'of', 'Foundation', ':', 'The', 'type', 'of', 'foundation', 'required', 'may', 'differ', 'depending', 'upon', 'geographical', 'locations', ',', 'soil', 'condition', ',', 'and', 'size', 'of', 'the', 'water', 'tank', '.']","[0, 0, 0, 1, 0, 0, 0, 0, 0, 0, 0, 1, 0, 0, 0, 0, 1, 0, 0, 0, 0, 0, 0, 0, 0, 0, 0, 0, 0]"
"['The', 'design', 'should', 'be', 'carried', 'out', 'by', 'a', 'civil', 'or', 'geotechnical', 'engineer', '.']","[0, 1, 0, 0, 0, 0, 0, 0, 1, 0, 1, 1, 0]"
"['For', 'the', 'prototype', ',', 'the', 'foundation', 'consists', 'of', 'compacted', 'soil', 'and', 'sand', 'up', 'to', '0.5', 'm', 'above', 'the', 'existing', 'ground', 'level', '.']","[0, 0, 1, 0, 0, 1, 0, 0, 1, 1, 0, 1, 0, 0, 0, 0, 0, 0, 0, 1, 1, 0]"
"['However', ',', 'other', 'methods', 'that', 'would', 'serve', 'the', 'same', 'purpose', 'can', 'also', 'be', 'employed', 'depending', 'on', 'the', 'requirements', 'of', 'the', 'site', 'and', 'the', 'availability', 'of', 'type', 'of', 'local', 'construction', 'material', '.']","[0, 0, 0, 1, 0, 0, 0, 0, 0, 0, 0, 0, 0, 1, 0, 0, 0, 1, 0, 0, 0, 0, 0, 1, 0, 0, 0, 0, 1, 1, 0]"
"['Steps', 'to', 'prepare', 'the', 'foundation', '1', ')', 'Mark', 'the', 'location', 'of', 'the', 'foundation', 'perimeter', '(', 'circular', 'ring', ')', '.']","[0, 0, 0, 0, 1, 0, 0, 0, 0, 1, 0, 0, 1, 1, 0, 0, 0, 0, 0]"
"['2', ')', 'Lay', 'the', 'blocks', '.']","[0, 0, 0, 0, 1, 0]"
"['3', ')', 'Insert', 'the', 'vertical', 'bars', '(', 'dia', '.']","[0, 0, 0, 0, 1, 1, 0, 0, 0]"
"['6', 'or', '9mm', ',', '20-30', 'cm', 'c/c', ')', ';', 'fill', 'the', 'holes', 'with', 'cement', 'mortar', '.']","[0, 0, 0, 0, 0, 0, 0, 0, 0, 0, 0, 1, 0, 1, 1, 0]"
"['4', ')', 'Fill', 'the', 'space', 'with', 'soil/sand', '.']","[0, 0, 0, 0, 1, 0, 1, 0]"
"['At', 'least', 'top', '10', 'cm', 'should', 'be', 'filled', 'with', 'sand', '.']","[0, 0, 1, 0, 0, 0, 0, 1, 0, 1, 0]"
"['In', 'this', 'prototype', ',', 'two', 'layers', 'were', 'prepared', 'outside', 'the', 'tank', 'area', 'and', 'transferred', 'by', 'lifting', '.']","[0, 0, 1, 0, 0, 1, 0, 0, 1, 0, 1, 1, 0, 1, 0, 1, 0]"
"['Generally', '4', 'to', '6', 'persons', 'are', 'required', 'for', 'moving', 'and', 'placing', 'the', 'reinforcement', '.']","[0, 0, 0, 0, 1, 0, 0, 0, 1, 0, 1, 0, 1, 0]"
"['Step', '6', ':', 'Laying', 'Base', 'Slab', 'Reinforcement', ':', 'The', 'two', 'layers', 'of', 'slab', 'reinforcement', 'were', 'placed', 'in', 'their', 'final', 'position', '.']","[0, 0, 0, 0, 1, 1, 1, 0, 0, 1, 0, 0, 1, 1, 0, 1, 0, 0, 1, 1, 0]"
"['The', 'distance', 'between', 'the', 'layers', 'can', 'be', 'controlled', 'using', 'small', 'separators', 'made', 'up', 'of', 'crushed', 'concrete', 'pebbles', 'or', 'pre-cast', 'pieces', '.']","[0, 1, 1, 0, 1, 0, 0, 1, 0, 1, 1, 0, 0, 0, 1, 1, 1, 0, 1, 1, 0]"
"['Step', '7', ':', 'Erecting', 'L-bars', 'Along', 'the', 'Wall-Base', 'Junction', ':', 'L-shaped', 'bars', 'are', 'used', 'both', 'for', 'strength', 'and', 'to', 'improve', 'constructability', '.']","[0, 0, 0, 1, 1, 0, 0, 1, 1, 0, 1, 1, 0, 0, 0, 0, 1, 0, 0, 1, 1, 0]"
"['It', 'is', 'difficult', 'to', 'fix', 'the', 'long', 'vertical', 'bars', '(', '1', 'to', '2.5', 'm', ')', 'to', 'the', 'base', 'slab', 'reinforcement', 'at', 'this', 'stage', '.']","[0, 0, 1, 0, 1, 0, 1, 1, 1, 0, 1, 0, 1, 1, 0, 0, 0, 1, 1, 1, 0, 0, 1, 0]"
"['L-shaped', 'bars', 'being', 'shorter/lighter', ',', 'it', 'is', 'easier', 'to', 'tie', 'into', 'base', 'slab', 'reinforcement', '.']","[1, 1, 0, 1, 0, 0, 0, 1, 0, 1, 0, 1, 1, 1, 0]"
"['One', 'or', 'two', 'tie', 'wire', 'pieces', 'are', 'required', 'for', 'each', 'L-shaped', 'bar', '.']","[1, 0, 1, 1, 1, 1, 0, 1, 0, 0, 1, 1, 0]"
"['If', 'long', 'vertical', 'bars', 'are', 'fixed', 'at', 'this', 'stage', 'it', 'is', 'not', 'convenient', 'to', 'pour', 'the', 'concrete', 'and', 'go', 'inside', 'for', 'levelling', '.']","[0, 1, 1, 1, 0, 1, 0, 0, 1, 0, 0, 0, 1, 0, 1, 0, 1, 0, 0, 1, 0, 1, 0]"
"['It', 'is', 'always', 'convenient', 'to', 'place', 'at', 'least', 'two', '(', 'the', 'top', 'and', 'bottom', ')', 'circular', 'rings', 'and', 'then', 'fix', 'the', 'L-shaped', 'bars', 'as', 'anchor', 'bars', '.']","[0, 0, 1, 1, 0, 1, 0, 1, 1, 0, 0, 1, 0, 1, 0, 1, 1, 0, 0, 1, 0, 1, 1, 0, 1, 1, 0]"
"['Alternatively', 'a', 'base', 'plate', 'with', 'holes/bolts', 'can', 'be', 'fixed', 'at', 'this', 'stage', '.']","[0, 0, 0, 0, 0, 1, 0, 0, 0, 0, 0, 0, 0]"
"['Large', 'Ferro-Cement', 'Water', 'Tank', '–', 'UNHCR', ',', 'July', '2006', '-11-', 'Figure', 'Figure', '6', '.']","[0, 1, 0, 0, 0, 0, 0, 0, 0, 0, 0, 0, 0, 0]"
"['Placement', 'of', 'Rebar', 'for', 'Base', 'Slab', '7', '.']","[0, 0, 1, 0, 0, 0, 0, 0]"
"['Casting', 'of', 'Concrete', 'Base', 'Slab', 'Step', '9', ':', 'Casting', 'the', 'Base', 'Slab', ':', 'After', 'fixing', 'the', 'rebar', 'for', 'slab', ',', 'the', 'central', 'column', 'and', 'the', 'peripheral', 'L-shaped', 'bars', ',', 'the', 'slab', 'can', 'be', 'concreted', '.']","[0, 0, 1, 0, 0, 0, 0, 0, 0, 0, 0, 0, 0, 0, 0, 0, 1, 0, 0, 0, 0, 0, 0, 0, 0, 1, 1, 1, 0, 0, 0, 0, 0, 1, 0]"
"['The', 'surface', 'should', 'be', 'levelled', 'properly', 'with', 'trowel', 'or', 'smooth', 'planks', '.']","[0, 0, 0, 0, 1, 0, 0, 1, 0, 0, 0, 0]"
"['The', 'concrete', '(', '1:2:4', 'by', 'weight', ')', 'can', 'be', 'mixed', 'at', 'the', 'site', 'or', 'can', 'be', 'ordered', 'from', 'the', 'ready-mix', 'supplier', '.']","[0, 1, 0, 0, 0, 0, 0, 0, 0, 0, 0, 0, 0, 0, 0, 0, 0, 0, 0, 0, 0, 0]"
"['Wall', 'Step', '10', ':', 'Erecting', 'Vertical', 'Reinforcement', 'and', 'Stiffeners', 'for', 'the', 'Wall', ':', 'As', 'the', 'water', 'pressure', 'decreases', 'with', 'height', ',', 'the', 'amount', 'of', 'reinforcement', 'required', 'also', 'varies', 'with', 'height', '.']","[0, 0, 0, 0, 0, 0, 1, 0, 1, 0, 0, 0, 0, 0, 0, 0, 0, 0, 0, 0, 0, 0, 0, 0, 0, 0, 0, 0, 0, 0, 0]"
"['Bars', 'can', 'be', 'spaced', 'tightly', 'at', 'the', 'lower', 'part', 'and', 'the', 'spacing', 'can', 'be', 'increased', 'with', 'height', '.']","[0, 0, 0, 0, 1, 0, 0, 0, 0, 0, 0, 1, 0, 0, 0, 0, 0, 0]"
"['These', 'bars', 'are', 'fixed', 'with', 'tie', 'wire', 'to', 'the', 'L-shaped', 'base', 'bars', '.']","[0, 1, 0, 1, 0, 1, 1, 0, 0, 0, 1, 1, 0]"
"['It', 'is', 'convenient', 'to', 'erect', 'a', 'few', 'bars', 'at', 'first', 'just', 'enough', 'to', 'hold', 'the', 'topmost', 'circular', 'ring', 'and', 'then', 'only', 'to', 'erect', 'the', 'remaining', 'vertical', 'bars', '.']","[0, 0, 0, 0, 1, 0, 0, 1, 0, 0, 0, 1, 0, 1, 0, 1, 0, 1, 0, 0, 0, 0, 1, 0, 1, 0, 1, 0]"
"['The', 'top', 'and', 'bottom', 'rings', 'now', 'provide', 'the', 'anchorage', 'for', 'the', 'vertical', 'bars', '.']","[0, 0, 0, 0, 1, 0, 1, 0, 1, 0, 0, 1, 1, 0]"
"['Eight', 'steel', 'channels', 'are', 'used', 'to', 'provide', 'additional', 'stiffness', 'to', 'the', 'wall', 'at', 'every', '45', 'degree', 'angle', '.']","[1, 1, 1, 0, 0, 0, 1, 0, 1, 1, 0, 1, 0, 0, 1, 1, 1, 0]"
"['These', 'channels', 'are', 'placed', 'with', 'the', 'hollow', 'part', 'facing', 'inward', '(', 'ease', 'for', 'plastering', ')', '.']","[0, 1, 0, 1, 1, 0, 1, 1, 0, 1, 0, 1, 0, 1, 0, 0]"
"['The', 'height', 'of', 'these', 'channels', 'will', 'be', 'equal', 'to', 'the', 'height', 'of', 'the', 'wall', '.']","[0, 1, 0, 0, 1, 0, 0, 1, 0, 0, 1, 0, 0, 1, 0]"
"['The', 'eight', 'shallow', 'roof', 'trusses', 'will', 'be', 'welded', 'with', 'these', 'channels', 'at', 'the', 'top', '.']","[0, 1, 1, 1, 1, 0, 0, 1, 1, 0, 1, 0, 0, 1, 0]"
"['Figure', '8', '.']","[1, 1, 0]"
"['Vertical', 'Reinforcement', 'and', 'Wall', the 'Stiffeners', 'Step', '11', ':', 'Keeping', 'Openings', 'for', the 'Construction', 'and', 'Pipe', 'Works', ':', 'A', 'temporary', 'access', 'opening', 'should', 'be', 'provided', 'for', 'the', 'movement', 'of', 'the', 'workers', 'in', 'and', 'out', 'of', 'the', 'tank', 'during', 'construction', '.']","[1, 1, 0, 1, 1, 0, 0, 0, 1, 1, 0, 1, 0, 1, 0, 0, 0, 1, 0, 1, 1, 0, 1, 0, 0, 1, 0, 0, 1, 0, 0, 1, 1, 0, 1, 0, 1, 0]"
"['(', 'This', 'is', 'assuming', 'we', 'would', 'go', 'with', 'the', 'recommendation', 'for', 'non-traffic', 'areas', 'given', 'that', 'the', 'pipes', 'would', 'be', 'trenched', 'in', 'field', 'areas', ',', 'where', 'there', 'is', 'little', 'foot', 'traffic', 'and', 'no', 'vehicular', 'traffic', ')', '.']","[0, 0, 0, 1, 0, 0, 0, 0, 0, 1, 0, 1, 1, 0, 0, 0, 1, 0, 0, 1, 0, 1, 1, 0, 0, 0, 0, 0, 1, 1, 0, 0, 1, 1, 0, 0]"
"['How', 'to', 'join', 'PVC', 'pipes', ':', 'First', 'check', 'how', 'tightly', 'the', 'pipes', 'fit', 'into', 'the', 'fittings', '(', 'the', 'pipes', 'should', 'be', 'able', 'to', 'enter', 'at', 'least', '⅓', 'of', 'the', 'way', 'into', 'the', 'fittings', ')', '.']","[0, 0, 0, 1, 1, 0, 0, 0, 0, 0, 0, 1, 0, 0, 0, 1, 0, 0, 1, 0, 0, 0, 0, 0, 0, 0, 0, 0, 0, 0, 0, 0, 1, 0, 0]"
"['If', 'they', 'are', 'a', 'bit', 'tight', ',', 'sanding', 'might', 'be', 'necessary', 'before', 'adding', 'solvent', 'cement', '.']","[0, 0, 0, 0, 0, 0, 0, 1, 0, 0, 0, 0, 0, 1, 1, 0]"
"['Before', 'adding', 'primer', 'and', 'cement', 'solvent', 'and', 'joining', 'the', 'pipes', ',', 'they', 'should', 'be', 'dry', 'and', 'clean', 'of', 'dust', '.']","[0, 0, 1, 0, 1, 1, 0, 0, 0, 1, 0, 0, 0, 0, 0, 0, 0, 0, 1, 0]"
"['Shake', 'the', 'can', 'of', 'solvent', 'cement', 'before', 'opening', '.']","[1, 0, 1, 0, 1, 1, 0, 0, 0]"
"['Using', 'a', 'paintbrush', 'or', 'similar', 'tool', 'add', 'a', 'layer', 'of', 'primer', 'to', 'the', 'outside', 'of', 'the', 'pipe', 'and', 'two', 'coats', 'inside', 'of', 'the', 'fitting', 'socket', '.']","[0, 0, 1, 0, 0, 0, 0, 0, 1, 0, 1, 0, 0, 0, 0, 0, 1, 0, 0, 1, 0, 0, 0, 1, 1, 0]"
"['Using', 'a', 'paintbrush', 'or', 'similar', 'tool', 'add', 'two', 'heavy', 'coats', 'of', 'cement', 'solvent', 'to', 'the', 'outside', 'of', 'the', 'pipe', '.']","[0, 0, 1, 0, 0, 0, 0, 0, 0, 1, 0, 1, 1, 0, 0, 0, 0, 0, 1, 0]"
"['Add', 'a', 'medium', 'coat', 'to', 'the', 'inside', 'of', 'the', 'fitting/socket', '.']","[0, 0, 0, 1, 0, 0, 0, 0, 0, 1, 0]"
"['The', 'size', 'of', 'the', 'opening', 'should', 'be', 'large', 'enough', 'for', 'one', 'person', 'to', 'enter', 'the', 'tank', '.']","[0, 1, 0, 0, 0, 0, 0, 0, 1, 0, 0, 0, 0, 0, 0, 0, 0]"
"['This', 'opening', 'will', 'be', 'plastered', 'at', 'the', 'end', '.']","[0, 0, 0, 0, 1, 0, 0, 0, 0]"
"['Similarly', ',', 'openings', 'for', 'inlet', ',', 'outlet', ',', 'overflow', 'and', 'ventilation', 'pipes', 'are', 'required', 'at', 'this', 'stage', '.']","[1, 0, 0, 0, 1, 0, 1, 0, 1, 0, 1, 0, 0, 1, 0, 0, 1, 0]"
"['It', 'is', 'not', 'recommended', 'to', 'make', 'holes', 'when', 'plastering', 'has', 'been', 'completed', '.']","[0, 0, 0, 1, 0, 0, 0, 0, 1, 0, 0, 0, 0]"
"['If', 'any', 'other', 'fixings', 'are', 'required', 'they', 'should', 'be', 'added', 'at', 'this', 'stage', '.']","[0, 0, 0, 1, 0, 1, 0, 0, 0, 0, 0, 0, 1, 0]"
"['Large', 'Ferro-Cement', 'Water', 'Tank', '–', 'UNHCR', ',', 'July', '2006', '-12-', 'Figure', '9', '.']","[0, 1, 0, 0, 0, 0, 0, 0, 0, 0, 0, 0, 0]"
"['Temporary', 'Access', 'Figure', '10', '.']","[1, 1, 0, 0, 0]"
"['Inlet/Outlet', 'Opening', 'Figure', '11', '.']","[1, 0, 0, 0, 0]"
"['Overflow', 'Opening', 'Opening', 'Step', '12', ':', 'Fixing', 'the', 'Wire', '(', 'Chicken', ')', 'Mesh', '(', 'WM1', 'and', 'WM2', ')', ':', 'Chicken', 'mesh', 'comes', 'in', 'rolls', '.']","[1, 0, 0, 0, 0, 0, 0, 0, 0, 0, 0, 0, 0, 0, 0, 0, 0, 0, 0, 0, 1, 0, 0, 0, 0]"
"['Normally', 'two', 'layers', 'of', 'chicken', 'mesh', 'are', 'used', '.']","[0, 1, 1, 0, 1, 1, 0, 1, 0]"
"['The', 'mesh', 'is', 'wrapped', 'around', 'the', 'wall', 'reinforcement', 'and', 'fixed', 'with', 'tie', 'wire', 'at', 'a', 'few', 'locations', '.']","[0, 0, 0, 0, 0, 0, 0, 0, 0, 0, 0, 1, 0, 0, 0, 0, 0, 0]"
"['It', 'is', 'convenient', 'to', 'start', 'from', 'the', 'bottom', 'and', 'move', 'upward', '.']","[0, 0, 0, 0, 1, 1, 0, 1, 0, 1, 1, 0]"
"['About', '10', 'cm', 'of', 'overlapping', 'is', 'recommended', 'at', 'discontinuous', 'ends', '.']","[0, 0, 0, 0, 1, 0, 0, 0, 1, 0, 0]"
"['Both', 'inner', 'and', 'outer', 'layers', 'should', 'be', 'placed', 'before', 'starting', 'the', 'plastering', '.']","[0, 0, 0, 0, 0, 0, 0, 0, 0, 0, 0, 1, 0]"
"['Figure', '12', '.']","[0, 0, 0]"
"['Fixed', 'Wire', 'Mesh', 'Figure', '13', '.']","[0, 1, 1, 0, 0, 0]"
"['Fixing', 'of', 'Central', 'Column', 'Step', '13', ':', 'Preparation', 'and', 'Fixing', 'of', 'the', 'Central', 'Column', ':', 'There', 'are', 'several', 'options', 'for', 'the', 'selection', ',', 'preparation', ',', 'and', 'fixing', 'of', 'central', 'columns', '.']","[0, 0, 1, 1, 0, 0, 0, 1, 0, 1, 0, 0, 1, 1, 0, 0, 0, 0, 1, 0, 0, 1, 0, 1, 0, 0, 1, 0, 1, 1, 0]"
"['The', 'central', 'column', 'can', 'be', 'made', 'up', 'of', 'concrete', 'alone', ',', 'galvanized', 'iron', '(', 'GI', ')', 'pipe', 'filled', 'with', 'concrete', ',', 'a', 'GI', 'pipe', 'alone', ',', 'properly', 'painted', 'steel', 'pipe/tube', ',', 'or', 'ceramic', 'pipe', 'filled', 'with', 'mortar', '.']","[0, 0, 0, 0, 0, 0, 0, 0, 0, 0, 0, 1, 0, 0, 1, 0, 0, 0, 0, 0, 0, 0, 1, 0, 0, 0, 0, 0, 0, 0, 0, 0, 0, 0, 0, 0, 1, 0]"
"['Other', 'team', 'members', 'should', 'be', 'ready', 'to', 'help', 'push', 'the', 'pipe', 'and', 'socket', 'together', 'as', 'soon', 'as', 'the', 'cement', 'solvent', 'is', 'applied', '.']","[0, 1, 0, 0, 0, 0, 0, 0, 1, 0, 1, 0, 1, 1, 0, 0, 0, 0, 1, 1, 0, 1, 0]"
"['Step', '17', ':', 'Placing', 'Roof', 'Reinforcements']","[0, 0, 0, 1, 1, 1]"
"['Might', 'be', 'good', 'to', 'practice', 'on', 'one', 'socket', 'and', 'joint', 'before', 'working', 'with', 'the', 'real', 'components', '.']","[0, 0, 0, 0, 1, 0, 1, 1, 0, 1, 0, 0, 0, 0, 0, 1, 0]"
"['Note', ':', 'Doing', 'this', 'in', 'high', 'temperatures', '(', 'in', 'the', '100°Fs', ')', 'should', 'be', 'avoided', 'as', 'there', 'will', 'be', 'evaporation', 'of', 'the', 'solvent', 'in', 'the', 'process', '.']","[0, 0, 0, 0, 0, 1, 1, 0, 0, 0, 1, 0, 0, 0, 1, 0, 0, 0, 0, 1, 0, 0, 1, 0, 0, 1, 0]"
"['The', 'cement', 'needs', 'to', 'take', 'time', 'to', 'cure', 'before', 'placing', 'the', 'pipes', 'into', 'the', 'ground', '.']","[0, 1, 0, 0, 0, 1, 0, 1, 0, 0, 0, 1, 0, 0, 1, 0]"
"['Recommended', 'times', 'for', 'cement', 'curing', ':', 'Note', ':', 'Same', 'PVC', 'should', 'be', 'used', 'throughout', ',', 'including', 'fittings', '.']","[1, 1, 0, 1, 1, 0, 0, 0, 0, 1, 0, 0, 1, 0, 0, 0, 1, 0]"
"['How', 'to', 'lay', 'piping', 'and', 'backfill', ':', 'The', 'pipe', 'should', 'be', 'assembled', 'above', 'ground', 'before', 'being', 'laid', 'in', 'place', '.']","[0, 0, 1, 1, 0, 1, 0, 0, 1, 0, 0, 1, 1, 1, 0, 0, 0, 0, 0, 0]"
"['At', 'curves', ',', 'the', 'pipe', 'should', 'be', 'assembled', 'on', 'the', 'outside', 'edge', 'of', 'the', 'curve', 'so', 'that', 'it', 'is', 'made', 'sure', 'it', 'is', 'long', 'enough', 'when', 'placed', 'in', 'the', 'trench', '.']","[0, 1, 0, 0, 1, 0, 0, 1, 0, 0, 1, 1, 0, 0, 1, 0, 0, 0, 0, 0, 0, 0, 0, 1, 0, 0, 1, 0, 0, 1, 0]"
"['The', 'main', 'considerations', 'for', 'selection', 'are', 'strength', ',', 'corrosion', 'protection', 'and', 'workability', '.']","[0, 1, 1, 0, 1, 0, 1, 0, 1, 1, 0, 1, 0]"
"['The', 'mortar', 'filling', 'of', 'the', 'pipe', 'or', 'tube', 'may', 'or', 'may', 'not', 'contain', 'the', 'reinforcement', '.']","[0, 1, 1, 0, 0, 1, 0, 1, 0, 0, 0, 0, 0, 0, 1, 0]"
"['NOTE', ':', 'Considering', 'several', 'factors', ',', 'it', 'is', 'strongly', 'recommended', 'to', 'finish', 'the', 'column', 'to', 'the', 'ready-to-fill', 'stage', 'before', 'erecting', '.']","[0, 0, 0, 0, 1, 0, 0, 0, 0, 0, 0, 0, 0, 1, 0, 0, 1, 1, 0, 0, 0]"
"['The', 'dowel', 'bars', 'coming', 'out', 'of', 'the', 'base', 'slab', 'at', 'the', 'slab', 'centre', 'should', 'be', 'encased', 'by', 'the', 'bottom', 'end', 'of', 'the', 'pipe', '.']","[0, 1, 1, 0, 0, 0, 0, 1, 1, 0, 0, 1, 1, 0, 0, 1, 0, 0, 1, 0, 0, 0, 1, 0]"
"['If', 'required', ',', 'some', 'temporary', 'support', 'may', 'be', 'provided', '.']","[0, 1, 0, 0, 1, 1, 0, 0, 0, 0]"
"['The', 'plate', 'at', 'the', 'top', 'of', 'the', 'column', 'may', 'be', 'fixed', 'before', 'or', 'after', 'erection', '.']","[0, 1, 0, 0, 1, 0, 0, 1, 0, 0, 0, 0, 0, 0, 0, 0]"
"['It', 'is', 'generally', 'welded', 'with', 'the', 'column', 'rebar', 'at', 'top', '.']","[0, 0, 1, 1, 0, 0, 1, 1, 0, 0, 0]"
"['Step', '14', ':', 'Plastering', 'the', 'Wall', ':', 'Once', 'wall', 'reinforcement', 'and', 'central', 'column', 'erection', 'have', 'been', 'completed', ',', 'the', 'wall', 'is', 'ready', 'for', 'plastering', '.']","[0, 0, 0, 0, 0, 1, 0, 0, 1, 1, 0, 1, 1, 1, 0, 0, 1, 0, 0, 1, 0, 1, 0, 0, 0]"
"['The', 'first', 'step', 'for', 'plastering', 'is', 'the', 'preparation', 'of', 'the', 'mortar', '(', 'sand', 'and', 'cement', 'only', ',', 'ratio', '1:2', ')', 'with', 'a', 'workable', 'consistency', '(', 'limiting', 'water', 'cement', 'ratio', 'in', 'the', 'range', 'of', '0.35', 'to', '0.45', 'by', 'weight', 'gives', 'the', 'optimum', 'results', ',', 'and', 'helps', 'to', 'attain', 'low', 'porosity', 'of', 'the', 'mixture', ')', '.']","[0, 1, 0, 0, 1, 0, 0, 1, 0, 0, 1, 0, 0, 0, 0, 0, 0, 0, 0, 0, 0, 0, 0, 1, 0, 0, 0, 0, 0, 0, 0, 0, 0, 0, 0, 0, 0, 0, 0, 0, 0, 0, 0, 0, 0, 0, 1, 1, 1, 0, 0, 1, 0, 0]"
"['It', 'is', 'easier', 'to', 'work', 'the', 'inside', 'face', 'first', 'and', 'then', 'the', 'outer', 'face', '.']","[0, 0, 1, 0, 1, 0, 1, 0, 1, 0, 1, 0, 1, 0, 0]"
"['The', 'plaster', 'is', 'applied', 'by', 'the', mason', 'from', 'the', 'inside', ',', 'pushing', 'the', 'mortar', 'into', 'the', 'layers', 'of', 'mesh', ',', 'with', 'a', 'helper', 'holding', 'a', 'sheet', 'of', 'plywood/wooden', 'plank', 'on', 'the', 'corresponding', 'area', 'outside', '.']","[0, 1, 0, 0, 0, 0, 1, 0, 0, 0, 0, 1, 0, 1, 1, 0, 0, 0, 1, 0, 0, 0, 1, 1, 0, 0, 0, 1, 0, 0, 0, 0, 0, 1, 0]"
"['Therefore', 'the', 'plastering', 'of', 'the', 'first', 'face', 'requires', 'at', 'least', 'two', 'persons', ',', 'one', 'to', 'hold', 'the', 'plywood/wooden', 'plank', 'at', 'outer', 'face', ',', 'and', 'a', 'mason', 'to', 'plaster', 'from', 'inside', '.']","[0, 0, 1, 0, 0, 1, 1, 0, 0, 0, 1, 1, 0, 0, 0, 1, 0, 1, 1, 0, 0, 0, 0, 0, 0, 1, 0, 1, 0, 1, 0]"
"['However', ',', 'once', 'one', 'face', 'has', 'been', 'completed', ',', 'the', 'already', 'completed', 'side', 'acts', 'as', 'a', 'wooden', 'plank', 'for', 'the', 'other', 'face', ',', 'thus', 'eliminating', 'the', 'need', 'for', 'temporary', 'support', 'on', 'the', 'opposite', 'face', '.']","[0, 0, 0, 1, 1, 0, 0, 1, 0, 0, 1, 1, 0, 0, 0, 0, 1, 1, 0, 0, 0, 1, 0, 0, 0, 0, 1, 0, 1, 1, 0, 0, 1, 1, 0]"
"['Special', 'care', 'should', 'be', 'taken', 'while', 'plastering', 'around', 'the', 'edges', ',', 'rings', 'and', 'openings', 'so', 'as', 'to', 'avoid', 'leaks', 'in', 'the', 'future', '.']","[0, 1, 0, 0, 0, 0, 1, 0, 0, 1, 0, 1, 0, 1, 0, 0, 0, 1, 1, 0, 0, 0, 0]"
"['Figure', '14', '.']","[0, 0, 0]"
"['Check', 'the', 'bedding', 'for', 'its', 'soil', 'content', '.']","[0, 0, 1, 0, 0, 0, 0, 0]"
"['If', 'it', 'is', 'very', 'rocky', ',', 'or', 'has', 'soil', 'particles', 'greater', 'than', '½', 'inch', ',', 'large', 'rocks', 'should', 'be', 'removed', ',', 'and', '4-6', 'inches', 'of', 'fine-grained', 'soil', 'should', 'be', 'layered', 'on', 'and', 'hand-tamped', '.']","[0, 0, 0, 0, 0, 0, 0, 0, 0, 1, 0, 0, 0, 0, 0, 0, 0, 0, 0, 0, 0, 0, 0, 0, 0, 1, 0, 0, 0, 0, 0, 0, 1, 0]"
"['Testing', 'of', 'whether', 'the', 'joints', 'hold', 'should', 'be', 'done', 'before', 'backfilling', 'the', 'trenches', '.']","[0, 0, 0, 0, 1, 0, 0, 0, 0, 0, 1, 0, 1, 0]"
"['The', 'pump', 'should', 'be', 'turned', 'on', 'and', 'the', 'water', 'intake', 'slowly', 'increased', ',', 'until', 'reaching', 'the', 'maximum', 'efficiency', '(', 'at', 'which', 'the', 'pump', 'will', 'usually', 'run', ')', 'within', 'about', '15', 'minutes', '.']","[0, 1, 0, 0, 0, 0, 0, 0, 0, 1, 0, 0, 0, 0, 0, 0, 0, 1, 0, 0, 0, 0, 1, 0, 0, 0, 0, 0, 0, 0, 0, 0]"
"['Check', 'whether', 'any', 'joints', 'have', 'slipped', 'or', 'if', 'there', 'is', 'leakage', 'at', 'any', 'joints', '.']","[0, 0, 0, 1, 0, 1, 0, 0, 0, 0, 1, 0, 0, 1, 0]"
"['After', 'passing', 'testing', ',', 'the', 'team', 'can', 'begin', 'covering', 'the', 'pipes', 'with', 'backfill', '.']","[0, 0, 0, 0, 0, 0, 0, 0, 0, 0, 1, 0, 1, 0]"
"['Backfill', 'should', 'be', 'of', 'small', 'particles', 'about', '½', 'inch', 'or', 'smaller', '.']","[1, 0, 0, 0, 0, 1, 0, 0, 0, 0, 0, 0]"
"['Especially', 'for', 'the', 'first', 'few', 'layers', ',', 'the', 'soil', 'should', 'be', 'fine', ',', 'not', 'rocky', '.']","[0, 0, 0, 0, 0, 1, 0, 0, 0, 0, 0, 0, 0, 0, 0, 0]"
"['This', 'should', 'be', 'done', 'in', 'layers', 'with', 'hand', 'tamping', '(', '“', 'in', '2-inch', 'layers', 'to', 'at', 'least', '6', 'in', '.']","[0, 0, 0, 0, 0, 1, 0, 0, 1, 0, 0, 0, 0, 1, 0, 0, 0, 0, 0, 0]"
"['Step', '5', ':', 'Preparation', 'of', 'Base', 'Slab', 'Reinforcement']","[0, 0, 0, 0, 0, 1, 1, 1]"
"['While', 'cutting', 'bars', 'for', 'the', 'trusses', ',', 'additional', 'lengths', 'are', 'required', 'to', 'facilitate', 'welding', 'with', 'the', 'C-channels', '.']","[0, 1, 1, 0, 0, 1, 0, 0, 1, 0, 0, 0, 0, 1, 0, 0, 1, 0]"
"['These', 'trusses', 'are', 'braced', 'laterally', 'by', 'similar', 'trusses', 'at', 'their', 'mid-length', ',', 'forming', 'an', 'octagon', '.']","[0, 1, 0, 1, 1, 0, 0, 1, 0, 0, 1, 0, 0, 0, 1, 0]"
"['If', 'the', 'welding', 'facility', 'is', 'difficult', 'to', 'mobilize', 'to', 'the', 'site', ',', 'a', 'simpler', 'method', 'like', 'nuts', 'and', 'bolts', 'or', 'other', 'hooking', 'mechanisms', 'can', 'substitute', 'the', 'welding', 'needs', '.']","[0, 0, 1, 1, 0, 1, 0, 1, 0, 0, 1, 0, 0, 0, 1, 0, 1, 0, 1, 0, 0, 1, 1, 0, 1, 0, 1, 0, 0]"
"['Large', 'Ferro-Cement', 'Water', 'Tank', '–', 'UNHCR', ',', 'July', '2006', '-13-', 'Large', 'Ferro-Cement', 'Water', 'Tank', '–', 'UNHCR', ',', 'July', '2006', '-14-', 'Figure', '15', '.']","[0, 1, 1, 1, 0, 0, 0, 0, 0, 0, 0, 1, 1, 1, 0, 0, 0, 0, 0, 0, 0, 0, 0]"
"['Step', '1', ':', 'Selection', 'of', 'Site']","[0, 0, 0, 1, 0, 1]"
"['Some', 'of', 'the', 'radial', 'bars', 'can', 'be', 'curtailed', 'at', 'mid-', 'length', 'along', 'the', 'roof', 'surface', '.']","[0, 0, 0, 1, 1, 0, 0, 1, 0, 0, 1, 0, 0, 1, 1, 0]"
"['The', 'portions', 'of', 'the', 'vertical', 'bars', 'extending', 'above', 'the', 'height', 'of', 'the', 'wall', 'are', 'bent', 'into', 'the', 'roof', '.']","[0, 1, 0, 0, 0, 1, 0, 0, 0, 1, 0, 0, 1, 0, 1, 0, 0, 1, 0]"
"['Step', '18', ':', 'Providing', 'Openings', 'in', 'the', 'Roof', ':', 'At', 'least', 'one', 'manhole', 'should', 'be', 'constructed', 'as', 'access', 'to', 'the', 'tank', '’', 's', 'interior', 'for', 'inspection', ',', 'cleaning', 'and', 'repair', 'purposes', '.']","[0, 0, 0, 0, 1, 0, 0, 1, 0, 0, 0, 0, 1, 0, 0, 1, 0, 0, 0, 0, 1, 0, 0, 1, 0, 1, 0, 1, 0, 1, 0, 0]"
"['above', 'the', 'pipe', 'to', 'a', 'soil', 'bulk', 'density', 'of', 'at', 'least', '85', '%', 'of', 'the', 'undisturbed', 'sidewalls.', '”', ')', 'Thrust', 'Blockers', ':', 'If', 'we', 'have', 'any', 'sudden', 'changes', 'in', 'grade', 'or', 'turns', 'in', 'our', 'pipeline', ',', 'we', 'need', 'to', 'make', 'and', 'add', 'concrete', 'thrust', 'blocks', 'so', 'that', 'excess', 'thrust', 'doesn', '’', 't', 'cause', 'pipe', 'bursts', 'or', 'other', 'damages', '.']","[0, 0, 1, 0, 0, 1, 1, 1, 0, 0, 1, 0, 0, 0, 0, 1, 1, 0, 0, 1, 1, 0, 0, 0, 0, 0, 1, 1, 0, 1, 0, 1, 0, 0, 1, 0, 0, 0, 0, 0, 0, 0, 1, 1, 1, 0, 0, 1, 1, 0, 0, 0, 0, 1, 1, 0, 0, 1, 0]"
"['(', 'Pipe', 'manufacturer', 'might', 'have', 'recommendations', 'on', 'this', '.', ')']","[0, 1, 1, 0, 0, 1, 0, 0, 0, 0]"
"['Anticipated', 'Challenges', ':', 'When', 'digging', 'the', 'trench', ',', 'the', 'subsoil', 'will', 'vary', ',', 'especially', 'near', 'tree', 'groves', 'or', 'other', 'groups', 'of', 'plants', '.']","[1, 1, 0, 0, 0, 0, 1, 0, 0, 1, 0, 0, 0, 1, 0, 0, 1, 0, 0, 0, 0, 0, 0]"
"['It', 'is', 'important', 'to', 'keep', 'the', 'trench', 'even', ',', 'stable', ',', 'and', 'flat', '.']","[0, 0, 1, 0, 1, 0, 1, 1, 0, 1, 0, 0, 1, 0]"
"['There', 'should', 'never', 'be', 'sudden', 'raised/lowered', 'areas', 'in', 'the', 'trench', 'because', 'that', 'will', 'result', 'in', 'the', 'pipe', 'being', 'insufficiently', 'supported', 'by', 'the', 'ground', '.']","[0, 0, 0, 0, 1, 1, 0, 0, 0, 1, 0, 0, 0, 1, 0, 0, 1, 0, 1, 1, 0, 0, 1, 0]"
"['When', 'pipes', 'are', 'exposed', 'to', 'high', 'heat', ',', 'they', 'will', 'contract', '.']","[0, 1, 0, 1, 0, 0, 0, 0, 0, 0, 1, 0]"
"['This', 'means', 'that', 'it', 'is', 'important', 'to', 'cool', 'a', 'pipe', 'before', 'fitting', 'it', 'to', 'its', 'socket', '.']","[0, 0, 0, 0, 0, 1, 0, 1, 0, 1, 0, 1, 0, 0, 0, 1, 0]"
"['Make', 'sure', 'pipes', 'are', 'kept', 'in', 'a', 'cool', 'place', 'before', 'assembly', '.']","[0, 0, 1, 0, 0, 0, 0, 0, 0, 0, 1, 0]"
"['An', 'additional', 'hole', 'may', 'be', 'constructed', 'for', 'fixing', 'inlet', 'or', 'ventilation', 'pipes', '.']","[0, 0, 1, 0, 0, 1, 0, 0, 1, 0, 1, 1, 0]"
"['An', 'additional', 'bar', 'of', '9mm', 'can', 'be', 'placed', 'along', 'the', 'perimeter', 'of', 'the', 'opening', '.']","[0, 0, 1, 0, 0, 0, 0, 0, 0, 0, 1, 0, 0, 1, 0]"
"['Roof', 'Opening', 'Step', '19', ':', 'Plastering', 'of', 'Roof', 'Trusses', ':', 'The', 'roof', 'trusses', 'perform', 'basically', 'two', 'functions', ':', 'during', 'construction', 'they', 'act', 'as', 'support', 'for', 'the', 'wet', 'roof', 'surface', 'and', ',', 'throughout', 'the', 'life', 'of', 'the', 'structure', ',', 'they', 'act', 'as', 'stiffeners', '.']","[1, 1, 0, 0, 0, 1, 0, 1, 1, 0, 0, 1, 1, 0, 0, 0, 1, 0, 0, 1, 0, 0, 0, 1, 0, 0, 0, 1, 1, 0, 0, 0, 0, 1, 0, 0, 1, 0, 0, 0, 0, 1, 0]"
"['Therefore', 'these', 'trusses', '(', 'main', 'and', 'bracing', ')', 'are', 'plastered', 'before', 'plastering', 'the', 'roof', 'surface', '.']","[0, 0, 1, 0, 1, 0, 1, 0, 0, 1, 0, 1, 0, 1, 1, 0]"
"['The', 'process', 'of', 'plastering', 'these', 'trusses', 'is', 'similar', 'to', 'that', 'for', 'walls', '.']","[0, 1, 0, 1, 0, 1, 0, 0, 0, 0, 0, 1, 0]"
"['Step', '20', ':', 'Temporary', 'Formwork', 'for', 'Plastering', 'Roof', 'Surface', ':', 'Similar', 'to', 'the', 'walls', ',', 'the', 'plastering', 'of', 'the', 'roof', 'is', 'also', 'carried', 'out', 'from', 'the', 'top', 'against', 'a', 'sheet', 'of', 'plywood/wooden', 'plank', 'placed', 'on', 'the', 'working', 'area', 'underside', '.']","[0, 0, 0, 0, 1, 0, 1, 1, 1, 0, 0, 0, 0, 1, 0, 0, 1, 0, 0, 1, 0, 0, 0, 0, 0, 0, 1, 0, 0, 1, 0, 1, 1, 0, 0, 0, 0, 0, 1, 0]"
"['This', 'requires', 'a', 'temporary', 'formwork', 'for', 'supporting', 'the', 'wooden', 'plank/plywood', '.']","[0, 0, 0, 0, 1, 0, 1, 0, 1, 1, 0]"
"['A', 'plank/plywood', 'may', 'be', 'supported', 'by', '2-3', 'props', '.']","[0, 1, 0, 0, 0, 0, 1, 0, 0]"
"['Pipeline', 'is', '400', 'm', '(', 'about', '1315', 'ft', ')', '.']","[1, 0, 0, 0, 0, 0, 0, 0, 0, 0]"
"['Task', 'Daily', 'Progress', 'Time', 'Estimate', 'Trenching', '100', 'ft/day', '15', 'days', 'Assembling', '&', 'Laying', 'Pipeline', '200', 'ft/day', '7', 'days', 'Concrete', 'Curing', '(', 'overnight', ')', '—', '1', 'day', 'Initial', 'Backfill', '(', '4-6', 'inches', ')', '300', 'ft/day', '2', 'days', 'Testing', '—', '1', 'day', 'Final', 'Backfilling', '300', 'ft/day', '5', 'days', 'Role', 'Breakdown', 'EWB', 'Travel', 'Team', ':', 'Should', 'be', 'familiar', 'to', 'process', 'steps', 'before', 'beginning', 'a', 'new', 'task', '.']","[0, 0, 0, 0, 1, 1, 0, 0, 0, 0, 1, 0, 1, 1, 0, 0, 0, 0, 1, 1, 0, 1, 0, 0, 0, 0, 0, 1, 0, 0, 0, 0, 0, 0, 0, 0, 0, 0, 0, 0, 0, 1, 0, 0, 0, 0, 0, 1, 0, 0, 0, 0, 0, 0, 0, 0, 0, 0, 0, 0, 0, 0, 0, 0]"
"['Will', 'lead', 'the', 'implementation', 'process', 'throughout', '.']","[0, 0, 0, 1, 0, 0, 0]"
"['All', 'members', 'should', 'work', 'together', 'at', 'all', 'steps', 'of', 'the', 'implementation', '.']","[0, 0, 0, 0, 0, 0, 0, 0, 0, 0, 1, 0]"
"['One', 'person', 'should', 'work', 'as', 'an', 'overseer', ',', 'especially', 'during', 'pipe', 'assembly', '.']","[0, 0, 0, 0, 0, 0, 1, 0, 0, 0, 1, 1, 0]"
"['Volunteer', 'Community', 'Members', ':', 'Work', 'together', 'with', 'the', 'EWB', 'team', 'members', 'in', 'digging', 'the', 'trench', 'and', 'assembling', 'the', 'pipe', 'Appointed', 'members', 'who', 'will', 'oversee', 'future', 'operations', 'and', 'maintenance', 'should', 'work', 'more', 'closely', 'with', 'the', 'EWB', 'members', 'to', 'grasp', 'full', 'understanding', 'of', 'the', 'system', '’', 's', 'detailed', 'workings', '.']","[0, 0, 0, 0, 0, 0, 0, 0, 0, 0, 0, 0, 1, 0, 1, 0, 1, 0, 1, 1, 0, 0, 0, 0, 0, 1, 0, 1, 0, 0, 0, 0, 0, 0, 0, 0, 0, 0, 0, 0, 0, 0, 0, 0, 0, 0, 0, 0]"
"['Operations', 'and', 'Maintenance', ':', 'Operation', 'There', 'is', 'little', 'to', 'no', 'interaction', 'with', 'the', 'pipes', 'themselves', 'during', 'regular', 'operations', '.']","[1, 0, 1, 0, 1, 0, 0, 0, 0, 0, 0, 0, 0, 1, 0, 0, 0, 1, 0]"
"['However', ',', 'there', 'need', 'to', 'be', 'regular', 'checks', 'on', 'the', 'pipeline', 'system', 'to', 'ensure', 'that', 'there', 'are', 'no', 'leaks', '.']","[0, 0, 0, 0, 0, 0, 1, 0, 0, 0, 1, 0, 0, 0, 0, 0, 0, 0, 0, 0]"
"['Figure', '16', '.']","[0, 0, 0]"
"['Placement', 'of', 'Roof', 'Reinforcements', 'Large', 'Ferro-Cement', 'Water', 'Tank', '–', 'UNHCR', ',', 'July', '2006', '-15-', 'Figure', 'Figure', '18', '.']","[0, 0, 1, 1, 0, 1, 1, 1, 0, 1, 0, 0, 0, 0, 0, 0, 0, 0]"
"['Temporary', 'Formwork', 'for', 'Roof', '19', '.']","[0, 1, 0, 1, 0, 0]"
"['Step', '9', ':', 'Casting', 'the', 'Base', 'Slab']","[0, 0, 0, 1, 0, 1, 1]"
"['It', 'is', 'highly', 'recommended', 'to', 'plaster', 'the', 'area', 'near', 'the', 'truss', 'first', 'and', 'progress', 'sideways', '.']","[0, 0, 0, 0, 0, 1, 0, 1, 0, 0, 1, 0, 0, 0, 1, 0]"
"['Step', '22', ':', 'Plastering', 'the', 'Temporary', 'Openings', ':', 'These', 'areas', 'should', 'be', 'the', 'last', 'items', 'to', 'be', 'plastered', '.']","[0, 0, 0, 1, 0, 0, 1, 0, 0, 0, 0, 0, 0, 0, 0, 0, 0, 1, 0]"
"['Now', 'the', 'roof', 'opening', 'should', 'be', 'used', 'an', 'access', '.']","[0, 0, 1, 1, 0, 0, 0, 0, 1, 0]"
"['One', 'person', 'should', 'enter', 'into', 'the', 'tank', 'through', 'the', 'permanent', 'opening', 'in', 'roof', 'to', 'assist', 'plastering', '.']","[0, 1, 0, 0, 0, 0, 1, 0, 0, 0, 1, 0, 1, 0, 0, 1, 0]"
"['The', 'temporarily', 'bent', 'bars', 'at', 'the', 'openings', 'should', 'be', 'straightened', 'before', 'closing', 'with', 'mesh', 'and', 'plastering', '.']","[0, 0, 1, 1, 0, 0, 1, 0, 0, 1, 0, 0, 0, 1, 0, 1, 0]"
"['Maintenance', 'at', 'the', 'pump', 'inlet', 'is', 'important', 'for', 'the', 'sustainability', 'of', 'the', 'pipes', 'that', 'follow', '.']","[1, 0, 0, 1, 1, 0, 0, 0, 0, 1, 0, 0, 1, 0, 1, 0]"
"['Leak', 'Maintenance', 'The', 'pipeline', 'should', 'be', 'checked', 'for', 'visible', 'signs', 'of', 'leaks', 'on', 'a', 'daily', 'basis', '.']","[1, 1, 0, 1, 0, 0, 0, 0, 1, 1, 0, 1, 0, 0, 1, 0, 0]"
"['(', 'Flag', 'the', 'pipeline', 'somehow', '?', ')']","[0, 1, 0, 1, 0, 0, 0]"
"['Signs', 'include', 'a', 'reduced', 'collection', 'of', 'water', 'in', 'the', 'storage', 'tank', ',', 'wet', 'spots', 'of', 'soil', 'along', 'the', 'pipeline', ',', 'or', 'a', 'drop', 'in', 'water', 'pressure', '.']","[0, 0, 0, 1, 1, 0, 1, 0, 0, 1, 1, 0, 1, 1, 0, 1, 0, 0, 1, 0, 0, 0, 1, 0, 1, 1, 0]"
"['If', 'there', 'is', 'a', 'leak', ',', 'the', 'pump', 'should', 'be', 'turned', 'off', 'immediately', '.']","[0, 0, 0, 0, 1, 0, 0, 1, 0, 0, 1, 1, 1, 0]"
"['A', 'trench', 'should', 'be', 'dug', 'to', 'expose', 'the', 'ruptured', 'or', 'leaking', 'pipe', '.']","[0, 1, 0, 0, 1, 0, 1, 0, 1, 0, 1, 1, 0]"
"['Wait', 'for', 'the', 'water', 'to', 'drain', 'from', 'the', 'pipes', 'Cut', 'away', 'the', 'section', 'of', 'pipe', 'that', 'is', 'broken', 'or', 'leaking', '.']","[0, 0, 0, 1, 0, 1, 0, 0, 1, 1, 0, 0, 1, 0, 1, 0, 0, 1, 0, 1, 0]"
"['Pipe', 'Maintenance', 'Checklist', 'Daily', ':', 'Walk', 'along', 'the', 'pipeline', 'and','check', 'for', 'visible', 'signs', 'of', 'water', 'leakage', '(', 'i.e', '.']","[1, 1, 1, 1, 0, 1, 0, 0, 1, 0, 0, 1, 1, 0, 1, 1, 0, 0, 0]"
"['Finally', ',', 'the', 'exterior', 'of', 'the', 'tank', 'should', 'be', 'painted', 'with', 'a', 'cement', 'coat', 'of', 'a', 'preferred', 'shade', ',', 'and', 'the', 'periphery', 'of', 'the', 'plinth', 'should', 'be', 'back-filled', 'with', 'a', 'layer', 'of', 'grass-turf', 'on', 'the', 'top', 'and', 'drainage', 'developed', 'to', 'avoid', 'accumulation', 'of', 'rainwater', '.']","[0, 0, 0, 1, 0, 0, 1, 0, 0, 1, 0, 0, 1, 1, 0, 0, 1, 1, 0, 0, 0, 1, 0, 0, 1, 0, 0, 1, 0, 0, 1, 0, 1, 0, 0, 1, 0, 1, 0, 0, 1, 1, 0, 1, 0]"
"['Step', '23', ':', 'Finishing', 'the', 'Surface', ':', 'The', 'excess', 'mortar', 'and', 'uneven', 'surfaces', 'should', 'be', 'brushed', 'off', 'to', 'finish', 'the', 'surface', '.']","[0, 0, 0, 0, 0, 1, 0, 0, 0, 1, 0, 1, 1, 0, 0, 1, 0, 0, 0, 0, 1, 0]"
"['Finally', ',', 'the', 'exterior', 'of', 'the', 'tank', 'should', 'be', 'painted', 'with', 'a', 'cement', 'coat', 'of', 'a', 'preferred', 'shade', ',', 'and', 'the', 'periphery', 'of', 'the', 'plinth', 'should', 'be', 'back-filled', 'with', 'a', 'layer', 'of', 'grass-turf', 'on', 'the', 'top', 'and', 'drainage', 'developed', 'to', 'avoid', 'accumulation', 'of', 'rainwater', '.']","[0, 0, 0, 1, 0, 0, 1, 0, 0, 1, 0, 0, 1, 1, 0, 0, 0, 1, 0, 0, 0, 1, 0, 0, 1, 0, 0, 1, 0, 0, 1, 0, 1, 0, 0, 1, 0, 1, 0, 0, 0, 1, 0, 1, 0]"
"['Figure', '21', '.']","[0, 0, 0]"
"['Finished', 'Ferro', 'Cement', 'Tank', 'Figure', '20', '.']","[0, 1, 1, 1, 0, 0, 0]"
"['Temporary', 'Opening', 'Storage', 'Tank', 'Building', 'Manual', '.']","[0, 1, 1, 1, 1, 0, 0]"
"['Step', '11', ':', 'Keeping', 'Openings', 'for', 'Construction', 'and', 'Pipe', 'Works']","[0, 0, 0, 0, 1, 0, 1, 0, 1, 0]"
"['Fixing', 'of', 'Roof', 'Trusses', '(', 'Stiffeners', ')', 'Step', '17', ':', 'Placement', 'of', 'Roof', 'Reinforcements', ':', 'Once', 'the', 'main', 'and', 'bracing', 'roof', 'trusses', 'have', 'been', 'placed', ',', 'the', 'circumferential', 'and', 'radial', 'bars', 'for', 'the', 'roof', 'must', 'be', 'placed', '.']","[0, 0, 1, 1, 1, 0, 0, 0, 0, 0, 0, 0, 1, 1, 0, 0, 0, 0, 0, 0, 1, 1, 0, 0, 0, 0, 0, 1, 0, 1, 1, 0, 0, 1, 0, 0, 0, 0]"
"['Step', '2', ':', 'Site', 'Clearance']","[0, 0, 0, 0, 1]"
"['Step', '3', ':', 'Preparation', 'of', 'Foundation']","[0, 0, 0, 0, 0, 1]"
"['The', 'distance', 'between', 'the', 'layers', 'can', 'be', 'controlled', 'using', 'small', 'separators', 'made', 'up', 'of', 'crushed', 'concrete', 'pebbles', 'or', 'pre-cast', 'pieces', '.']","[0, 0, 0, 0, 0, 0, 0, 0, 0, 0, 1, 0, 0, 0, 0, 0, 0, 0, 1, 0, 0]"
"['Step', '7', ':', 'Erecting', 'L-bars', 'Along', 'the', 'Wall-Base', 'Junction', ':', 'L-shaped', 'bars', 'are', 'used', 'both', 'for', 'strength', 'and', 'to', 'improve', 'constructability', '.']","[0, 0, 0, 0, 1, 0, 0, 1, 0, 0, 1, 0, 0, 0, 0, 0, 0, 0, 0, 0, 0, 0]"
"['It', 'is', 'difficult', 'to', 'fix', 'the', 'long', 'vertical', 'bars', '(', '1', 'to', '2.5', 'm', ')', 'to', 'the', 'base', 'slab', 'reinforcement', 'at', 'this', 'stage', '.']","[0, 0, 0, 0, 0, 0, 0, 0, 0, 0, 0, 0, 0, 0, 0, 0, 0, 0, 1, 1, 0, 0, 0, 0]"
"['L-shaped', 'bars', 'being', 'shorter/lighter', ',', 'it', 'is', 'easier', 'to', 'tie', 'into', 'base', 'slab', 'reinforcement', '.']","[0, 1, 0, 0, 0, 0, 0, 0, 0, 0, 0, 1, 1, 1, 0]"
"['One', 'or', 'two', 'tie', 'wire', 'pieces', 'are', 'required', 'for', 'each', 'L-shaped', 'bar', '.']","[0, 0, 0, 1, 1, 1, 0, 0, 0, 1, 1, 1, 0]"
"['If', 'long', 'vertical', 'bars', 'are', 'fixed', 'at', 'this', 'stage', 'it', 'is', 'not', 'convenient', 'to', 'pour', 'the', 'concrete', 'and', 'go', 'inside', 'for', 'levelling', '.']","[0, 0, 1, 0, 0, 0, 0, 0, 0, 0, 0, 0, 0, 0, 0, 0, 1, 0, 0, 0, 0, 1, 0]"
"['It', 'is', 'always', 'convenient', 'to', 'place', 'at', 'least', 'two', '(', 'the', 'top', 'and', 'bottom', ')', 'circular', 'rings', 'and', 'then', 'fix', 'the', 'L-shaped', 'bars', 'as', 'anchor', 'bars', '.']","[0, 0, 0, 0, 0, 0, 0, 0, 0, 0, 0, 0, 0, 0, 0, 1, 1, 0, 0, 0, 0, 1, 0, 0, 1, 0, 0]"
"['Step', '8', ':', 'Placing', 'Vertical', 'Dowel/Fixing', 'Plate/Bars', 'for', 'Central', 'Column', ':', 'Similar', 'to', 'the', 'L-shaped', 'bars', 'placed', 'along', 'the', 'perimeter', ',', '4-8', 'bars', 'can', 'be', 'placed', 'at', 'the', 'location', 'where', 'the', 'central', 'column', 'is', 'to', 'be', 'erected', '.']","[0, 0, 0, 0, 0, 1, 1, 0, 0, 1, 0, 0, 0, 0, 1, 1, 0, 0, 0, 1, 0, 0, 1, 0, 0, 0, 0, 0, 0, 0, 0, 1, 1, 0, 0, 0, 1, 0]"
"['Alternatively', 'a', 'base', 'plate', 'with', 'holes/bolts', 'can', 'be', 'fixed', 'at', 'this', 'stage', '.']","[1, 0, 1, 1, 0, 1, 0, 0, 0, 0, 0, 0, 0]"
"['Plastering', 'of', 'Roof', 'Step', '21', ':', 'Plastering', 'the', 'Roof', 'Surface', ':', 'As', 'explained', 'previously', ',', 'plastering', 'the', 'roof', 'is', 'also', 'carried', 'out', 'from', 'the', 'top', 'against', 'a', 'sheet', 'of', 'plywood/wooden', 'plank', 'placed', 'on', 'the', 'working', 'area', 'underside', '.']","[1, 0, 0, 0, 0, 0, 1, 0, 0, 1, 0, 0, 1, 1, 0, 1, 0, 0, 0, 0, 1, 0, 0, 0, 0, 1, 0, 0, 0, 1, 0, 0, 0, 0, 0, 0, 1, 0]"
"['Step', '14', ':', 'Plastering', 'the', 'Wall']","[0, 0, 0, 1, 0, 0]"
"['Step', '15', ':', 'Preparation', 'of', 'Roof', 'Shallow', 'Truss']","[0, 0, 0, 1, 0, 0, 1, 1]"
"['Step', '16', ':', 'Fixing', 'Roof', 'Trusses', '(', 'Roof', 'Stiffeners', ')']","[0, 0, 0, 1, 0, 1, 0, 0, 1, 0]"
"['Make', 'sure', 'to', 'fit', 'the', 'pipe', 'into', 'the', 'socket', 'within', 'about', 'a', 'minute', 'of', 'applying', 'the', 'cement', 'solvent', 'so', 'that', 'the', 'cement', 'is', 'still', 'wet', 'and', 'the', 'strength', 'of', 'the', 'connection', 'is', 'maximized', '.']","[0, 0, 0, 0, 0, 0, 0, 0, 0, 1, 0, 0, 0, 0, 1, 0, 0, 1, 0, 0, 0, 0, 0, 0, 0, 0, 0, 1, 0, 0, 1, 0, 1, 0]"
"['Step', '18', ':', 'Fixing', 'the', 'Roof', 'Mesh']","[0, 0, 0, 1, 0, 0, 1]"
"['Step', '5', ':', 'Preparation', 'of', 'Base', 'Slab', 'Reinforcement', ':', 'There', 'are', 'two', 'ways', 'to', 'prepare', 'the', 'slab', 'reinforcement', ':', 'either', 'at', 'its', 'final', 'location', 'or', 'at', 'a', 'nearby', 'location', 'and', 'then', 'move', 'to', 'the', 'final', 'place', '.']","[0, 0, 0, 1, 0, 1, 1, 1, 0, 0, 0, 0, 0, 0, 0, 0, 1, 1, 0, 1, 0, 0, 0, 0, 0, 0, 0, 1, 0, 0, 0, 0, 0, 0, 0, 0, 0]"
"['Step', '20', ':', 'Plastering', 'Roof', 'Trusses']","[0, 0, 0, 1, 0, 1]"
"['Step', '21', ':', 'Temporary', 'Formwork', 'for', 'Plastering', 'of', 'Roof', 'Surface']","[0, 0, 0, 1, 1, 0, 1, 0, 0, 0]"
"['Step', '22', ':', 'Plastering', 'Roof', 'Surface']","[0, 0, 0, 1, 0, 0]"
"['Step', '23', ':', 'Plastering', 'Temporary', 'Openings']","[0, 0, 0, 1, 0, 1]"
"['Step', '24', ':', 'Finishing', 'the', 'Surface', 'Step', '1', ':', 'Selection', 'of', 'Site', ':', 'The', 'site', 'should', 'be', 'located', 'in', 'an', 'area', 'higher', 'than', 'its', 'surroundings', '.']","[0, 0, 0, 1, 0, 0, 0, 0, 0, 0, 0, 1, 0, 0, 0, 0, 0, 0, 0, 0, 0, 0, 0, 0, 0, 0]"
"['The', 'other', 'considerations', 'include', 'the', 'sources', 'of', 'water', 'supply', ',', 'areas', 'in', 'which', 'the', 'water', 'is', 'to', 'be', 'distributed', ',', 'possibility', 'of', 'flooding', ',', 'and', 'practical', 'aspects', 'of', 'construction', '.']","[0, 0, 0, 0, 0, 0, 0, 0, 1, 0, 0, 0, 0, 0, 0, 0, 0, 0, 1, 0, 0, 0, 1, 0, 0, 1, 1, 0, 1, 0]"
"['The', 'final', 'decision', 'should', 'be', 'taken', 'by', 'a', 'qualified', 'engineer', '.']","[0, 1, 1, 0, 0, 0, 0, 0, 1, 1, 0]"
"['Step', '2', ':', 'Site', 'Clearance', ':', 'The', 'site', 'must', 'be', 'cleared', ',', 'with', 'loose', 'surfaces', 'compacted', 'and', 'levelled', 'properly', '.']","[0, 0, 0, 0, 1, 0, 0, 0, 0, 0, 1, 0, 0, 1, 1, 1, 0, 1, 0, 0]"
"['The', 'area', 'should', 'be', 'protected', 'or', 'fenced', ',', 'if', 'necessary', '.']","[0, 0, 0, 0, 1, 0, 1, 0, 0, 0, 0]"
"['Step', '3', ':', 'Preparation', 'of', 'Foundation', ':', 'The', 'type', 'of', 'foundation', 'required', 'may', 'differ', 'depending', 'upon', 'geographical', 'locations', ',', 'soil', 'condition', ',', 'and', 'size', 'of', 'the', 'water', 'tank', '.']","[0, 0, 0, 1, 0, 1, 0, 0, 0, 0, 1, 0, 0, 0, 0, 0, 1, 0, 0, 1, 1, 0, 0, 0, 0, 0, 0, 1, 0]"
"['The', 'design', 'should', 'be', 'carried', 'out', 'by', 'a', 'civil', 'or', 'geotechnical', 'engineer', '.']","[0, 0, 0, 0, 0, 0, 0, 0, 1, 0, 1, 1, 0]"
"['Step', '9', ':', 'Casting', 'the', 'Base', 'Slab', ':', 'After', 'fixing', 'the', 'rebar', 'for', 'slab', ',', 'the', 'central', 'column', 'and', 'the', 'peripheral', 'L-shaped', 'bars', ',', 'the', 'slab', 'can', 'be', 'concreted', '.']","[0, 0, 0, 1, 0, 1, 1, 0, 0, 0, 0, 1, 0, 1, 0, 0, 0, 1, 0, 0, 1, 1, 1, 0, 0, 1, 0, 0, 1, 0]"
"['The', 'surface', 'should', 'be', 'levelled', 'properly', 'with', 'trowel', 'or', 'smooth', 'planks', '.']","[0, 1, 0, 0, 1, 1, 0, 1, 0, 0, 1, 0]"
"['The', 'concrete', '(', '1:2:4', 'by', 'weight', ')', 'can', 'be', 'mixed', 'at', 'the', 'site', 'or', 'can', 'be', 'ordered', 'from', 'the', 'ready-mix', 'supplier', '.']","[0, 1, 0, 0, 0, 1, 0, 0, 0, 1, 0, 0, 0, 0, 0, 0, 1, 0, 0, 1, 1, 0]"
"['Step', '10', ':', 'Erecting', 'Vertical', 'Reinforcement', 'and', 'Stiffeners', 'for', 'the', 'Wall', ':', 'As', 'the', 'water', 'pressure', 'decreases', 'with', 'height', ',', 'the', 'amount', 'of', 'reinforcement', 'required', 'also', 'varies', 'with', 'height', '.']","[0, 0, 0, 1, 1, 1, 0, 1, 0, 0, 1, 0, 0, 0, 1, 1, 1, 0, 1, 0, 0, 0, 0, 1, 1, 0, 0, 0, 0, 0]"
"['Bars', 'can', 'be', 'spaced', 'tightly', 'at', 'the', 'lower', 'part', 'and', 'the', 'spacing', 'can', 'be', 'increased', 'with', 'height', '.']","[1, 0, 0, 1, 0, 0, 0, 0, 0, 0, 0, 0, 0, 0, 1, 0, 1, 0]"
"['These', 'bars', 'are', 'fixed', 'with', 'tie', 'wire', 'to', 'the', 'L-shaped', 'base', 'bars', '.']","[0, 1, 0, 0, 0, 1, 1, 0, 0, 1, 1, 1, 0]"
"['It', 'is', 'convenient', 'to', 'erect', 'a', 'few', 'bars', 'at', 'first', 'just', 'enough', 'to', 'hold', 'the', 'topmost', 'circular', 'ring', 'and', 'then', 'only', 'to', 'erect', 'the', 'remaining', 'vertical', 'bars', '.']","[0, 0, 1, 0, 1, 0, 0, 1, 0, 0, 0, 0, 0, 0, 0, 1, 1, 1, 0, 0, 0, 0, 1, 0, 1, 1, 1, 0]"
"['The', 'top', 'and', 'bottom', 'rings', 'now', 'provide', 'the', 'anchorage', 'for', 'the', 'vertical', 'bars', '.']","[0, 0, 0, 0, 1, 0, 1, 0, 1, 0, 0, 1, 1, 0]"
"['For', 'the', 'prototype', ',', 'the', 'foundation', 'consists', 'of', 'compacted', 'soil', 'and', 'sand', 'up', 'to', '0.5', 'm', 'above', 'the', 'existing', 'ground', 'level', '.']","[0, 0, 1, 0, 0, 1, 1, 0, 1, 1, 0, 1, 0, 0, 0, 0, 0, 0, 0, 0, 0, 0]"
"['To', 'facilitate', 'the', 'retention', 'and', 'compaction', 'and', 'provide', 'additional', 'strength', ',', 'concrete', 'hollow', 'blocks', 'with', 'vertical', 'bars', 'along', 'the', 'circumference', 'at', 'about', '20-30', 'cm', 'centre', 'to', 'centre', 'can', 'be', 'used', '.']","[0, 0, 0, 0, 0, 0, 0, 0, 0, 0, 0, 1, 1, 1, 0, 1, 1, 0, 0, 1, 0, 0, 0, 0, 1, 1, 1, 0, 0, 0, 0]"
"['However', ',', 'other', 'methods', 'that', 'would', 'serve', 'the', 'same', 'purpose', 'can', 'also', 'be', 'employed', 'depending', 'on', 'the', 'requirements', 'of', 'the', 'site', 'and', 'the', 'availability', 'of', 'type', 'of', 'local','construction', 'material', '.']","[0, 0, 0, 1, 0, 0, 0, 0, 0, 0, 0, 0, 0, 1, 0, 0, 0, 1, 0, 0, 0, 0, 0, 0, 0, 0, 0, 0, 1, 0]"
"['Steps', 'to', 'prepare', 'the', 'foundation', '1', ')', 'Mark', 'the', 'location', 'of', 'the', 'foundation', 'perimeter', '(', 'circular', 'ring', ')', '.']","[0, 0, 0, 0, 1, 0, 0, 0, 0, 1, 0, 0, 1, 1, 0, 1, 1, 0, 0]"
"['2', ')', 'Lay', 'the', 'blocks', '.']","[0, 0, 0, 0, 1, 0]"
"['3', ')', 'Insert', 'the', 'vertical', 'bars', '(', 'dia', '.']","[0, 0, 0, 0, 1, 0, 0, 1, 0]"
"['6', 'or', '9mm', ',', '20-30', 'cm', 'c/c', ')', ';', 'fill', 'the', 'holes', 'with', 'cement', 'mortar', '.']","[0, 0, 0, 0, 0, 0, 0, 0, 0, 0, 0, 0, 0, 1, 1, 0]"
"['4', ')', 'Fill', 'the', 'space', 'with', 'soil/sand', '.']","[0, 0, 0, 0, 0, 0, 1, 0]"
"['At', 'least', 'top', '10', 'cm', 'should', 'be', 'filled', 'with', 'sand', '.']","[0, 0, 0, 0, 0, 0, 0, 0, 0, 1, 0]"
"['5', ')', 'Compact', 'the', 'soil', 'using', 'a', 'compacting', 'hammer', 'or', 'other', 'devices', '.']","[0, 0, 1, 0, 1, 0, 0, 0, 1, 0, 0, 0, 0]"
"['6', ')', 'Wet', 'the', 'sand', 'with', 'water', 'and', 'compact', '.']","[0, 0, 1, 0, 1, 0, 1, 0, 1, 0]"
"['Step', '4', ':', 'Preparation', 'of', 'Lean', 'Concrete', 'Base', ':', 'Lean', 'concrete', 'provides', 'a', 'level', 'base', 'and', 'water-tightening', 'layer', 'for', 'the', 'concrete', 'slab', 'to', 'be', 'cast', 'upon', '.']","[0, 0, 0, 0, 0, 0, 1, 1, 0, 0, 0, 0, 0, 1, 0, 0, 1, 0, 0, 0, 0, 0, 0, 0, 0, 0, 0]"
"['This', 'layer', 'should', 'be', 'laid', 'over', 'the', 'foundation', '.']","[0, 1, 0, 0, 1, 0, 0, 1, 0]"
"['Generally', ',', '5-6', 'cm', 'thick', 'lean', 'concrete', '(', 'typically', 'a', 'mix', 'of', '1', ':', '3', ':', '5', 'by', 'weight', ')', 'is', 'used', '.']","[0, 0, 0, 0, 1, 1, 1, 0, 0, 0, 0, 0, 0, 0, 0, 0, 0, 0, 0, 0, 0, 0, 0]"
"['Step', '19', ':', 'Providing', 'Openings', 'in', 'the', 'Roof']","[0, 0, 0, 0, 1, 0, 0, 1]"
"['In', 'this', 'prototype', ',', 'two', 'layers', 'were', 'prepared', 'outside', 'the', 'tank', 'area', 'and', 'transferred', 'by', 'lifting', '.']","[0, 0, 0, 0, 0, 1, 0, 1, 1, 0, 1, 0, 0, 1, 0, 1, 0]"
"['Generally', '4', 'to', '6', 'persons', 'are', 'required', 'for', 'moving', 'and', 'placing', 'the', 'reinforcement', '.']","[0, 0, 0, 0, 1, 0, 0, 0, 1, 0, 1, 0, 1, 0]"
"['Step', '6', ':', 'Laying', 'Base', 'Slab', 'Reinforcement', ':', 'The', 'two', 'layers', 'of', 'slab', 'reinforcement', 'were', 'placed', 'in', 'their', 'final', 'position', '.']","[0, 0, 0, 1, 0, 0, 1, 0, 0, 0, 0, 0, 0, 0, 0, 0, 0, 0, 1, 1, 0]"
"['Eight', 'steel', 'channels', 'are', 'used', 'to', 'provide', 'additional', 'stiffness', 'to', 'the', 'wall', 'at', 'every', '45', 'degree', 'angle', '.']","[0, 1, 0, 0, 0, 0, 0, 0, 1, 0, 0, 0, 0, 0, 0, 0, 0, 0]"
"['These', 'channels', 'are', 'placed', 'with', 'the', 'hollow', 'part', 'facing', 'inward', '(', 'ease', 'for', 'plastering', ')', '.']","[0, 1, 0, 0, 0, 0, 0, 0, 0, 0, 0, 0, 0, 1, 0, 0]"
"['The', 'height', 'of', 'these', 'channels', 'will', 'be', 'equal', 'to', 'the', 'height', 'of', 'the', 'wall', '.']","[0, 0, 0, 0, 1, 0, 0, 0, 0, 0, 0, 0, 0, 0, 0]"
"['The', 'eight', 'shallow', 'roof', 'trusses', 'will', 'be', 'welded', 'with', 'these', 'channels', 'at', 'the', 'top', '.']","[0, 0,  1, 1, 1, 0, 0, 1, 0, 0, 1, 0, 1, 1, 0]"
"['Step', '11', ':', 'Keeping', 'Openings', 'for', 'Construction', 'and', 'Pipe', 'Works', ':', 'A', 'temporary', 'access', 'opening', 'should', 'be', 'provided', 'for', 'the', 'movement', 'of', 'the', 'workers', 'in', 'and', 'out', 'of', 'the', 'tank', 'during', 'construction', '.']","[0, 0, 0, 0, 1, 0, 0, 0, 0, 0, 0, 0, 1, 0, 0, 0, 0, 0, 0, 0, 0, 0, 0, 0, 0, 0, 0, 0, 0, 0, 0, 0, 0]"
"['The', 'size', 'of', 'the', 'opening', 'should', 'be', 'large', 'enough', 'for', 'one', 'person', 'to', 'enter', 'the', 'tank', '.']","[0, 1, 0, 0, 1, 0, 0, 1, 0, 0, 1, 1, 0, 0, 0, 1, 0]"
"['This', 'opening', 'will', 'be', 'plastered', 'at', 'the', 'end', '.']","[0, 0, 0, 0, 1, 0, 0, 0, 0]"
"['Similarly', ',', 'openings', 'for', 'inlet', ',', 'outlet', ',', 'overflow', 'and', 'ventilation', 'pipes', 'are', 'required', 'at', 'this', 'stage', '.']","[0, 0, 0, 0, 0, 0, 1, 0, 1, 0, 1, 0, 0, 0, 0, 0, 0, 0]"
"['It', 'is', 'not', 'recommended', 'to', 'make', 'holes', 'when', 'plastering', 'has', 'been', 'completed', '.']","[0, 0, 0, 1, 0, 0, 0, 0, 1, 0, 0, 0, 0]"
"['If', 'any', 'other', 'fixings', 'are', 'required', 'they', 'should', 'be', 'added', 'at', 'this', 'stage', '.']","[0, 0, 0, 1, 0, 0, 0, 0, 0, 0, 0, 0, 1, 0]"
"['Step', '12', ':', 'Fixing', 'the', 'Wire', '(', 'Chicken', ')', 'Mesh', '(', 'WM1', 'and', 'WM2', ')', ':', 'Chicken', 'mesh', 'comes', 'in', 'rolls', '.']","[0, 0, 0, 1, 0, 1, 0, 1, 0, 1, 0, 1, 0, 1, 0, 0, 0, 1, 0, 0, 1, 0]"
"['Normally', 'two', 'layers', 'of', 'chicken', 'mesh', 'are', 'used', '.']","[0, 0, 1, 0, 1, 1, 0, 0, 0]"
"['The', 'mesh', 'is', 'wrapped', 'around', 'the', 'wall', 'reinforcement', 'and', 'fixed', 'with', 'tie', 'wire', 'at', 'a', 'few', 'locations', '.']","[0, 1, 0, 1, 0, 0, 1, 1, 0, 1, 0, 1, 1, 0, 0, 0, 1, 0]"
"['It', 'is', 'convenient', 'to', 'start', 'from', 'the', 'bottom', 'and', 'move', 'upward', '.']","[0, 0, 1, 0, 0, 0, 0, 0, 0, 0, 0, 0]"
"['About', '10', 'cm', 'of', 'overlapping', 'is', 'recommended', 'at', 'discontinuous', 'ends', '.']","[0, 0, 0, 0, 1, 0, 0, 0, 1, 0, 0]"
"['Both', 'inner', 'and', 'outer', 'layers', 'should', 'be', 'placed', 'before', 'starting', 'the', 'plastering', '.']","[0, 1, 0, 1, 1, 0, 0, 0, 0, 0, 0, 1, 0]"
"['Step', '13', ':', 'Preparation', 'and', 'Fixing', 'of', 'the', 'Central', 'Column', ':', 'There', 'are', 'several', 'options', 'for', 'the', 'selection', ',', 'preparation', ',', 'and', 'fixing', 'of', 'central', 'columns', '.']","[0, 0, 0, 1, 0, 1, 0, 0, 1, 1, 0, 0, 0, 0, 0, 0, 0, 0, 0, 1, 0, 0, 1, 0, 1, 1, 0]"
"['The', 'central', 'column', 'can', 'be', 'made', 'up', 'of', 'concrete', 'alone', ',', 'galvanized', 'iron', '(', 'GI', ')', 'pipe', 'filled', 'with', 'concrete', ',', 'a', 'GI', 'pipe', 'alone', ',', 'properly', 'painted', 'steel', 'pipe/tube', ',', 'or', 'ceramic', 'pipe', 'filled', 'with', 'mortar', '.']","[0, 1, 1, 0, 0, 0, 0, 0, 1, 0, 0, 1, 1, 0, 1, 0, 1, 1, 0, 1, 0, 0, 1, 0, 0, 0, 1, 1, 1, 1, 0, 0, 1, 1, 1, 0, 1, 0]"
"['The', 'main', 'considerations', 'for', 'selection', 'are', 'strength', ',', 'corrosion', 'protection', 'and', 'workability', '.']","[0, 0, 1, 0, 1, 0, 1, 0, 1, 1, 0, 1, 0]"
"['The', 'mortar', 'filling', 'of', 'the', 'pipe', 'or', 'tube', 'may', 'or', 'may', 'not', 'contain', 'the', 'reinforcement', '.']","[0, 1, 1, 0, 0, 1, 0, 1, 0, 0, 0, 0, 0, 0, 1, 0]"
"['There', 'are', 'two', 'methods', 'for', 'preparation', ':', 'either', 'the', 'column', 'can', 'be', 'prepared', 'completely', 'outside', 'and', 'fixed', 'at', 'its', 'final', 'position', 'or', 'alternatively', ',', 'all', 'the', 'work', ',', 'including', 'placement', 'of', 'rebar', 'and', 'fixing', 'of', 'the', 'top', 'plate', ',', 'can', 'be', 'performed', 'when', 'it', 'is', 'erected', '.']","[0, 0, 0, 1, 0, 1, 0, 0, 0, 1, 0, 0, 1, 0, 0, 0, 0, 0, 0, 0, 1, 0, 1, 0, 0, 0, 0, 0, 0, 1, 0, 1, 0, 0, 0, 0, 0, 0, 0, 0, 0, 0, 0, 0, 0, 1, 0]"
"['Large', 'Ferro-Cement', 'Water', 'Tank', '–', 'UNHCR', ',', 'July', '2006', '-13-', 'NOTE', ':', 'Considering', 'several', 'factors', ',', 'it', 'is', 'strongly', 'recommended', 'to', 'finish', 'the', 'column', 'to', 'the', 'ready-to-fill', 'stage', 'before', 'erecting', '.']","[0, 0, 0, 1, 0, 0, 0, 0, 0, 0, 0, 0, 0, 1, 1, 0, 0, 0, 1, 0, 0, 0, 0, 1, 0, 0, 0, 1, 0, 1, 0]"
"['The', 'dowel', 'bars', 'coming', 'out', 'of', 'the', 'base', 'slab', 'at', 'the', 'slab', 'centre', 'should', 'be', 'encased', 'by', 'the', 'bottom', 'end', 'of', 'the', 'pipe', '.']","[0, 1, 1, 0, 0, 0, 0, 1, 1, 0, 0, 1, 1, 0, 0, 0, 0, 0, 1, 0, 0, 0, 1, 0]"
"['If', 'required', ',', 'some', 'temporary', 'support', 'may', 'be', 'provided', '.']","[0, 0, 0, 0, 1, 1, 0, 0, 1, 0]"
"['The', 'plate', 'at', 'the', 'top', 'of', 'the', 'column', 'may', 'be', 'fixed', 'before', 'or', 'after', 'erection', '.']","[0, 1, 0, 0, 0, 0, 0, 1, 0, 0, 1, 0, 0, 0, 1, 0]"
"['It', 'is', 'generally', 'welded', 'with', 'the', 'column', 'rebar', 'at', 'top', '.']","[0, 0, 0, 1, 0, 0, 1, 1, 0, 0, 0]"
"['Step', '14', ':', 'Plastering', 'the', 'Wall', ':', 'Once', 'wall', 'reinforcement', 'and', 'central', 'column', 'erection', 'have', 'been', 'completed', ',', 'the', 'wall', 'is', 'ready', 'for', 'plastering', '.']","[0, 0, 0, 1, 0, 0, 0, 0, 0, 1, 0, 0, 1, 1, 0, 0, 0, 0, 0, 0, 0, 1, 0, 1, 0]"
"['The', 'first', 'step', 'for', 'plastering', 'is', 'the', 'preparation', 'of', 'the', 'mortar', '(', 'sand', 'and', 'cement', 'only', ',', 'ratio', '1:2', ')', 'with', 'a', 'workable', 'consistency', '(', 'limiting', 'water', 'cement', 'ratio', 'in', 'the', 'range', 'of', '0.35', 'to', '0.45', 'by', 'weight', 'gives', 'the', 'optimum', 'results', ',', 'and', 'helps', 'to', 'attain', 'low', 'porosity', 'of', 'the', 'mixture', ')', '.']","[0, 0, 0, 0, 1, 0, 0, 1, 0, 0, 0, 0, 0, 0, 0, 0, 0, 1, 0, 0, 0, 0, 0, 1, 0, 0, 0, 0, 1, 0, 0, 0, 0, 0, 0, 0, 0, 0, 0, 0, 1, 0, 0, 0, 0, 0, 1, 0, 1, 0, 0, 0, 0, 0]"
"['It', 'is', 'easier', 'to', 'work', 'the', 'inside', 'face', 'first', 'and', 'then', 'the', 'outer', 'face', '.']","[0, 0, 0, 0, 0, 0, 0, 0, 0, 0, 0, 0, 1, 0, 0]"
"['The', 'plaster', 'is', 'applied', 'by', 'the', 'mason', 'from', 'the', 'inside', ',', 'pushing', 'the', 'mortar', 'into', 'the', 'layers', 'of', 'mesh', ',', 'with', 'a', 'helper', 'holding', 'a', 'sheet', 'of', 'plywood/wooden', 'plank', 'on', 'the', 'corresponding', 'area', 'outside', '.']","[0, 0, 0, 0, 0, 0, 0, 0, 0, 0, 0, 0, 0, 0, 0, 0, 0, 0, 0, 0, 0, 0, 0, 0, 0, 0, 0, 0, 0, 0, 0, 1, 0, 0, 0]"
"['Therefore', 'the', 'plastering', 'of', 'the', 'first', 'face', 'requires', 'at', 'least', 'two', 'persons', ',', 'one', 'to', 'hold', 'the', 'plywood/wooden', 'plank', 'at', 'outer', 'face', ',', 'and', 'a', 'mason', 'to', 'plaster', 'from', 'inside', '.']","[0, 0, 1, 0, 0, 0, 0, 0, 0, 0, 0, 0, 0, 0, 0, 0, 0, 0, 0, 0, 0, 0, 0, 0, 0, 0, 0, 0, 0, 0, 0]"
"['However', ',', 'once', 'one', 'face', 'has', 'been', 'completed', ',', 'the', 'already', 'completed', 'side', 'acts', 'as', 'a', 'wooden', 'plank', 'for', 'the', 'other', 'face', ',', 'thus', 'eliminating', 'the', 'need', 'for', 'temporary', 'support', 'on', 'the', 'opposite', 'face', '.']","[0, 0, 0, 0, 0, 0, 0, 0, 0, 0, 0, 0, 0, 0, 0, 0, 0, 0, 0, 0, 0, 0, 0, 0, 1, 0, 0, 0, 0, 0, 0, 0, 0, 0, 0]"
"['Roof', 'Step', '15', ':', 'Preparation', 'of', 'Roof', 'Shallow', 'Truss', ':', 'Eight', 'roof', 'trusses', 'of', 'about', '10', 'cm', 'depth', 'made', 'up', 'of', '9mm', '(', 'top', 'and', 'bottom', ')', 'and', '6', 'mm', '(', 'vertical', 'and', 'diagonal', ')', 'welded', 'bars', 'are', 'used', 'to', 'stiffen', 'the', 'roof', '.']","[0, 0, 0, 0, 1, 0, 0, 0, 0, 0, 0, 0, 1, 0, 0, 0, 0, 0, 0, 0, 0, 0, 0, 0, 0, 0, 0, 0, 0, 0, 0, 0, 0, 0, 0, 0, 0, 0, 0, 0, 0, 0, 0, 0]"
"['While', 'cutting', 'bars', 'for', 'the', 'trusses', ',', 'additional', 'lengths', 'are', 'required', 'to', 'facilitate', 'welding', 'with', 'the', 'C-channels', '.']","[0, 0, 0, 0, 0, 1, 0, 0, 0, 0, 0, 0, 1, 1, 0, 0, 1, 0]"
"['These', 'trusses', 'are', 'braced', 'laterally', 'by', 'similar', 'trusses', 'at', 'their', 'mid-length', ',', 'forming', 'an', 'octagon', '.']","[0, 1, 0, 0, 1, 0, 0, 0, 0, 0, 1, 0, 0, 0, 1, 0]"
"['If', 'the', 'welding', 'facility', 'is', 'difficult', 'to', 'mobilize', 'to', 'the', 'site', ',', 'a', 'simpler', 'method', 'like', 'nuts', 'and', 'bolts', 'or', 'other', 'hooking', 'mechanisms', 'can', 'substitute', 'the', 'welding', 'needs', '.']","[0, 0, 1, 0, 0, 0, 0, 1, 0, 0, 0, 0, 0, 0, 0, 0, 1, 0, 1, 0, 0, 1, 1, 0, 1, 0, 1, 0, 0]"
"['Step', '17', ':', 'Placement', 'of', 'Roof', 'Reinforcements', ':', 'Once', 'the', 'main', 'and', 'bracing', 'roof', 'trusses', 'have', 'been', 'placed', ',', 'the', 'circumferential', 'and', 'radial', 'bars', 'for', 'the', 'roof', 'must', 'be', 'placed', '.']","[0, 0, 0, 1, 0, 0, 1, 0, 0, 0, 1, 0, 1, 0, 1, 0, 0, 0, 0, 0, 1, 0, 1, 0, 0, 0, 0, 0, 0, 0, 0]"
"['Some', 'of', 'the', 'radial', 'bars', 'can', 'be', 'curtailed', 'at', 'midlength', 'along', 'the', 'roof', 'surface', '.']","[0, 0, 0, 1, 0, 0, 0, 1, 0, 1, 0, 0, 0, 0, 0]"
"['The', 'portions', 'of', 'the', 'vertical', 'bars', 'extending', 'above', 'the', 'height', 'of', 'the', 'wall', 'are', 'bent', 'into', 'the', 'roof', '.']","[0, 1, 0, 0, 1, 0, 1, 0, 0, 1, 0, 0, 0, 0, 1, 0, 0, 0, 0]"
"['Step', '18', ':', 'Providing', 'Openings', 'in', 'the', 'Roof', ':', 'At', 'least', 'one', 'manhole', 'should', 'be', 'constructed', 'as', 'access', 'to', 'the', 'tank', '’', 's', 'interior', 'for', 'inspection', ',', 'cleaning', 'and', 'repair', 'purposes', '.']","[0, 0, 0, 0, 1, 0, 0, 0, 0, 0, 0, 0, 1, 0, 0, 1, 0, 1, 0, 0, 1, 0, 0, 0, 0, 1, 0, 1, 0, 1, 0, 0]"
"['An', 'additional', 'hole', 'may', 'be', 'constructed', 'for', 'fixing', 'inlet', 'or', 'ventilation', 'pipes', '.']","[0, 0, 1, 0, 0, 1, 0, 1, 1, 0, 1, 1, 0]"
"['An', 'additional', 'bar', 'of', '9mm', 'can', 'be', 'placed', 'along', 'the', 'perimeter', 'of', 'the', 'opening', '.']","[0, 0, 0, 0, 0, 0, 0, 0, 0, 0, 1, 0, 0, 1, 0]"
"['Step', '19', ':', 'Plastering', 'of', 'Roof', 'Trusses', ':', 'The', 'roof', 'trusses', 'perform', 'basically', 'two', 'functions', ':', 'during', 'construction', 'they', 'act', 'as', 'support', 'for', 'the', 'wet', 'roof', 'surface', 'and', ',', 'throughout', 'the', 'life', 'of', 'the', 'structure', ',', 'they', 'act', 'as', 'stiffeners', '.']","[0, 0, 0, 1, 0, 0, 1, 0, 0, 0, 0, 0, 0, 0, 0, 0, 0, 1, 0, 0, 0, 0, 0, 0, 0, 0, 0, 0, 0, 0, 0, 0, 0, 0, 0, 0, 0, 0, 0, 1, 0]"
"['Therefore', 'these', 'trusses', '(', 'main', 'and', 'bracing', ')', 'are', 'plastered', 'before', 'plastering', 'the', 'roof', 'surface', '.']","[0, 0, 1, 0, 0, 0, 1, 0, 0, 1, 0, 1, 0, 0, 0, 0]"
"['The', 'process', 'of', 'plastering', 'these', 'trusses', 'is', 'similar', 'to', 'that', 'for', 'walls', '.']","[0, 0, 0, 1, 0, 1, 0, 0, 0, 0, 0, 1, 0]"
"['Step', '20', ':', 'Temporary', 'Formwork', 'for', 'Plastering', 'Roof', 'Surface', ':', 'Similar', 'to', 'the', 'walls', ',', 'the', 'plastering', 'of', 'the', 'roof', 'is', 'also', 'carried', 'out', 'from', 'the', 'top', 'against', 'a', 'sheet', 'of', 'plywood/wooden', 'plank', 'placed', 'on', 'the', 'working', 'area', 'underside', '.']","[0, 0, 0, 1, 1, 0, 1, 0, 0, 0, 0, 0, 0, 0, 0, 0, 0, 0, 0, 0, 0, 0, 0, 0, 0, 0, 1, 0, 0, 0, 0, 1, 1, 0, 0, 0, 0, 0, 1, 0]"
"['This', 'requires', 'a', 'temporary', 'formwork', 'for', 'supporting', 'the', 'wooden', 'plank/plywood', '.']","[0, 0, 0, 1, 1, 0, 1, 0, 1, 1, 0]"
"['A', 'plank/plywood', 'may', 'be', 'supported', 'by', '2-3', 'props', '.']","[0, 1, 0, 0, 0, 0, 0, 0, 0]"
"['Step', '21', ':', 'Plastering', 'the', 'Roof', 'Surface', ':', 'As', 'explained', 'previously', ',', 'plastering', 'the', 'roof', 'is', 'also', 'carried', 'out', 'from', 'the', 'top', 'against', 'a', 'sheet', 'of', 'plywood/wooden', 'plank', 'placed', 'on', 'the', 'working', 'area', 'underside', '.']","[0, 0, 0, 1, 0, 0, 0, 0, 0, 0, 0, 0, 0, 0, 0, 0, 0, 0, 0, 0, 0, 0, 0, 0, 0, 0, 1, 0, 0, 0, 0, 1, 0, 0, 0]"
"['It', 'is', 'highly', 'recommended', 'to', 'plaster', 'the', 'area', 'near', 'the', 'truss', 'first', 'and', 'progress', 'sideways', '.']","[0, 0, 0, 1, 0, 1, 0, 0, 0, 0, 1, 0, 0, 0, 0, 0]"
"['Step', '22', ':', 'Plastering', 'the', 'Temporary', 'Openings', ':', 'These', 'areas', 'should', 'be', 'the', 'last', 'items', 'to', 'be', 'plastered', '.']","[0, 0, 0, 1, 0, 0, 1, 0, 0, 0, 0, 0, 0, 0, 0, 0, 0, 1, 0]"
"['Now', 'the', 'roof', 'opening', 'should', 'be', 'used', 'an', 'access', '.']","[0, 0, 1, 1, 0, 0, 0, 0, 1, 0]"
"['One', 'person', 'should', 'enter', 'into', 'the', 'tank', 'through', 'the', 'permanent', 'opening', 'in', 'roof', 'to', 'assist', 'plastering', '.']","[0, 1, 0, 1, 0, 0, 1, 0, 0, 0, 1, 0, 1, 0, 0, 1, 0]"
"['The', 'temporarily', 'bent', 'bars', 'at', 'the', 'openings', 'should', 'be', 'straightened', 'before', 'closing', 'with', 'mesh', 'and', 'plastering', '.']","[0, 0, 0, 1, 0, 0, 1, 0, 0, 1, 1, 1, 0, 1, 0, 1, 0]"
"['Step', '23', ':', 'Finishing', 'the', 'Surface', ':', 'The', 'excess', 'mortar', 'and', 'uneven', 'surfaces', 'should', 'be', 'brushed', 'off', 'to', 'finish', 'the', 'surface', '.']","[0, 0, 0, 1, 0, 1, 0, 0, 0, 1, 0, 1, 1, 0, 0, 1, 0, 0, 1, 0, 0, 0]"
"['Pipes', 'Manual', '.']","[1, 1, 0]"
"['Pipes', 'Manual', 'Checklist', ':', 'Pipes', ':', 'Detailed', 'schedule', 'of', 'trenching', 'process', ',', 'including', 'possible', 'obstacles', ',', 'trench', 'dimensions', ',', 'and', 'time', 'estimates', 'Summary', 'of', 'suppliers', 'and', 'quotes', ';', 'confirmation', 'from', 'specific', 'chosen', 'supplier', 'for', 'installation', 'dates', 'Breakdown', 'of', 'the', 'roles', 'of', 'the', 'travel', 'team', 'and', 'volunteers', 'in', 'this', 'project', 'Detailed', 'schedule', 'of', 'pipe', 'implementation', 'process', 'Details', 'on', 'O', '&', 'M', '(', 'can', 'be', 'separate', 'manual', ')', 'with', 'specific', 'roles', 'for', 'volunteers', 'who', 'are', 'maintaining', 'the', 'pipelinehttps', ':', '?', 'usp=sharing', 'Sources', ':', 'https', ':', 'Implementation', ':', 'Depth', '&', 'Width', ':', 'Pipe', 'trench', 'depth', 'and', 'width', 'depends', 'on', 'the', 'diameter', 'of', 'our', 'piping', '.']","[1, 1, 1, 0, 1, 0, 0, 1, 0, 1, 0, 0, 0, 0, 1, 0, 0, 1, 0, 0, 0, 1, 0, 0, 0, 0, 0, 0, 0, 0, 0, 0, 0, 0, 0, 0, 0, 0, 0, 0, 0, 0, 0, 0, 0, 1, 0, 0, 0, 0, 0, 0, 0, 1, 0, 0, 0, 0, 0, 0, 0, 0, 0, 0, 0, 0, 0, 0, 0, 0, 1, 0, 0, 0, 0, 0, 0, 0, 0, 0, 0, 0, 0, 0, 0, 0, 0, 0, 0, 1, 1, 0, 0, 0, 0, 0, 0, 1, 0, 0, 1, 0]"
"['If', 'we', 'go', 'with', 'a', 'pipe', '3-5', 'inches', 'in', 'diameter', ',', 'the', 'trench', 'would', 'have', 'to', 'be', 'about', '18', 'inches', 'deep', 'and', '16', 'inches', 'wide', '.']","[0, 0, 0, 0, 0, 1, 0, 0, 0, 1, 0, 0, 1, 0, 0, 0, 0, 0, 0, 0, 0, 0, 0, 0, 0, 0]"
"['For', '6+', 'inch', 'diameter', 'pipes', ',', 'depth', 'would', 'be', '24', 'inches', 'deep', 'and', '18', 'inches', 'wide', '.']","[0, 0, 0, 1, 1, 0, 0, 0, 0, 0, 0, 0, 0, 0, 0, 0, 0]"